Start,End,Regularity,Steps,Movements per hour,Time in bed (seconds),Time asleep (seconds),Time before sleep (seconds),Window start,Window stop,Snore time,Sleep Quality
23.26.00,06.11.00,0,8350,35.0,24289.2,22993.8,161.9,06.00.00,06.00.00,92.0,60
22.10.00,06.10.00,0,4746,78.6,28810.2,25160.9,192.1,05.50.00,05.50.00,0.0,73
21.43.00,06.10.00,96,4007,60.5,30461.5,28430.8,203.1,05.50.00,05.50.00,74.0,86
23.11.00,06.13.00,92,6578,45.2,25327.6,23132.5,168.9,05.50.00,05.50.00,0.0,77
23.12.00,06.20.00,94,4913,44.6,25698.4,22614.6,171.3,05.50.00,05.50.00,188.0,78
01.25.00,08.43.00,80,4020,58.0,26278.2,20759.8,175.2,05.50.00,05.50.00,0.0,72
22.41.00,06.22.00,58,5133,64.0,27705.2,24565.2,184.7,05.50.00,05.50.00,0.0,73
22.39.00,06.00.00,77,4927,51.0,26488.8,22780.4,176.6,05.50.00,05.50.00,279.0,78
22.36.00,06.03.00,98,6637,43.5,26819.9,25925.9,178.8,05.50.00,05.50.00,0.0,84
23.15.00,06.33.00,95,4298,31.6,26304.2,23761.4,175.4,06.35.00,06.35.00,0.0,88
00.21.00,08.19.00,83,4741,69.0,28708.4,26603.1,191.4,06.35.00,06.35.00,516.0,71
22.49.00,06.09.00,73,6110,56.5,26417.5,22190.7,176.1,05.50.00,05.50.00,617.0,73
22.31.00,05.43.00,82,3999,52.4,25882.0,23466.4,172.5,05.35.00,05.35.00,0.0,74
22.57.00,06.01.00,86,5811,49.1,25422.7,22711.0,169.5,05.50.00,05.50.00,0.0,75
22.24.00,06.10.00,94,5256,34.9,27976.8,26111.6,186.5,05.50.00,05.50.00,243.0,92
21.58.00,06.12.00,95,5286,68.2,29627.1,26664.3,1185.1,05.50.00,05.50.00,239.0,73
23.28.00,06.39.00,91,4188,35.0,25888.3,23299.5,172.6,06.30.00,06.30.00,0.0,85
22.27.00,07.02.00,89,11111,40.3,30908.4,28538.8,206.1,06.30.00,06.30.00,0.0,97
22.34.00,06.11.00,88,11651,56.3,27427.0,24501.4,182.8,05.50.00,05.50.00,0.0,75
22.45.00,06.11.00,93,7521,39.7,26737.4,24865.8,178.2,05.50.00,05.50.00,0.0,84
21.47.00,06.47.00,92,7373,40.4,32414.1,29929.0,216.1,06.30.00,06.30.00,784.0,100
22.28.00,05.41.00,90,703,48.8,25941.1,22828.2,172.9,05.50.00,05.50.00,0.0,75
21.51.00,07.10.00,85,7657,56.6,33543.0,28846.9,2124.4,06.30.00,06.30.00,468.0,87
23.50.00,07.54.00,82,3240,53.4,29015.9,27081.5,193.4,06.30.00,06.30.00,242.0,81
00.25.00,07.37.00,84,7252,46.6,25974.2,22251.2,173.2,06.30.00,06.30.00,0.0,77
22.15.00,06.33.00,81,6679,61.5,29884.8,28789.0,199.2,05.50.00,05.50.00,0.0,76
22.23.00,06.00.00,87,1095,39.9,27443.1,26436.9,1006.2,05.50.00,05.50.00,0.0,87
22.30.00,06.20.00,88,5268,44.4,28172.3,26575.9,187.8,05.50.00,05.50.00,0.0,85
21.43.00,05.50.00,93,5385,42.0,29209.3,25120.0,194.7,05.50.00,05.50.00,0.0,90
23.07.00,06.10.00,90,6441,56.4,25371.4,23426.3,169.1,05.50.00,05.50.00,0.0,68
23.25.00,06.57.00,89,10110,38.6,27100.1,22402.8,2168.0,05.50.00,05.50.00,0.0,86
21.41.00,07.53.00,85,1177,54.5,36709.5,31692.5,244.7,05.50.00,05.50.00,736.0,88
22.03.00,06.10.00,84,9383,71.0,29258.1,22431.2,195.1,05.50.00,05.50.00,0.0,66
22.37.00,05.40.00,84,4934,60.5,25411.6,22531.6,169.4,05.45.00,05.45.00,1523.0,65
22.21.00,06.30.00,88,10232,47.9,29327.3,26394.6,195.5,06.30.00,06.30.00,0.0,86
23.33.00,05.50.00,89,12379,38.9,22622.4,19983.1,2036.0,05.45.00,05.45.00,0.0,72
22.36.00,04.51.00,86,7004,43.5,22515.2,21389.4,150.1,04.45.00,04.45.00,0.0,69
22.06.00,06.39.00,0,497,72.3,30790.3,24940.2,205.3,06.30.00,06.30.00,677.0,69
22.16.00,06.00.00,93,7203,73.9,27808.7,25769.4,185.4,05.20.00,05.50.00,0.0,62
22.33.00,06.01.00,95,4547,63.0,26854.1,22288.9,179.0,05.50.00,05.50.00,756.0,68
22.29.00,06.00.00,97,3733,60.4,27090.8,24020.5,180.6,05.50.00,05.50.00,0.0,71
23.43.00,07.52.00,90,7485,47.9,29313.2,26479.6,195.4,05.50.00,05.50.00,0.0,87
01.40.00,07.35.00,85,6540,39.7,21278.6,21136.8,141.9,07.00.00,07.30.00,0.0,68
22.44.00,06.31.00,74,20781,71.9,28013.7,25585.8,186.8,05.30.00,06.00.00,89.0,65
23.02.00,05.35.00,78,2493,45.9,23576.4,21061.6,157.2,05.45.00,05.45.00,0.0,71
20.30.00,04.56.00,82,1817,51.9,30402.3,27767.4,202.7,04.00.00,04.00.00,919.0,87
20.32.00,04.31.00,85,9034,36.6,28710.4,25360.8,191.4,04.00.00,04.00.00,440.0,94
20.26.00,04.46.00,97,4083,54.6,29974.9,24879.2,2098.2,04.30.00,04.30.00,0.0,83
20.07.00,04.09.00,95,10803,30.6,28935.2,27681.3,192.9,04.30.00,04.30.00,0.0,99
19.25.00,01.05.00,86,5241,60.4,20426.8,17226.6,136.2,01.10.00,01.10.00,0.0,53
21.45.00,05.57.00,67,7143,86.5,29548.9,27382.0,197.0,05.50.00,05.50.00,2117.0,58
22.12.00,06.00.00,68,4203,55.6,28106.8,22766.5,187.4,05.50.00,05.50.00,63.0,78
23.34.00,07.28.00,71,603,45.4,28423.8,24918.2,189.5,07.00.00,07.00.00,107.0,86
00.32.00,08.22.00,80,1784,42.3,28181.0,27993.2,187.9,07.00.00,07.00.00,0.0,88
22.58.00,06.10.00,76,10156,55.2,25895.5,21665.9,1294.8,05.50.00,05.50.00,0.0,72
21.20.00,05.55.00,76,4257,57.5,30902.0,27914.8,206.0,05.45.00,05.45.00,0.0,84
22.27.00,06.05.00,81,4041,86.9,27499.4,24474.5,183.3,05.45.00,05.45.00,2030.0,54
22.34.00,06.08.00,91,4935,31.5,27262.4,25626.7,181.7,05.45.00,05.45.00,0.0,92
22.28.00,04.56.00,89,3285,53.4,23285.4,19249.3,155.2,05.00.00,05.00.00,0.0,66
21.44.00,06.10.00,84,8026,51.4,30343.5,28017.2,202.3,05.45.00,05.45.00,0.0,87
22.55.00,06.06.00,87,8556,54.6,25813.0,22973.6,172.1,05.45.00,05.45.00,0.0,72
22.58.00,06.06.00,91,5046,36.3,25696.6,25011.4,171.3,05.45.00,05.45.00,0.0,84
22.31.00,06.11.00,95,241,49.9,27628.7,23944.9,184.2,05.45.00,05.45.00,0.0,80
23.24.00,07.41.00,92,4256,32.5,29844.2,27954.0,199.0,07.00.00,07.00.00,0.0,100
00.36.00,08.45.00,81,6618,45.0,29370.5,28489.4,195.8,08.00.00,08.00.00,104.0,89
23.02.00,06.12.00,66,2169,39.2,25807.0,22366.1,1118.3,05.50.00,05.50.00,294.0,82
23.11.00,06.20.00,82,7872,48.5,25740.3,21793.4,1287.0,05.50.00,05.50.00,168.0,75
23.36.00,06.21.00,87,6248,37.1,24276.4,22010.6,161.8,05.50.00,05.50.00,0.0,78
22.40.00,06.26.00,95,5069,50.3,27940.4,24121.9,186.3,05.50.00,05.50.00,0.0,80
22.45.00,08.35.00,90,3889,26.5,35417.0,35180.8,236.1,05.50.00,05.50.00,0.0,100
23.24.00,07.32.00,86,2217,37.7,29313.7,26186.9,1074.8,07.30.00,07.30.00,730.0,94
21.21.00,06.09.00,80,22366,62.3,31639.8,28475.8,1371.1,05.50.00,05.50.00,296.0,81
21.48.00,06.10.00,84,4028,50.9,30158.1,25936.0,201.1,05.50.00,05.50.00,0.0,86
23.28.00,07.50.00,80,5072,26.6,30144.7,28135.1,201.0,07.30.00,07.30.00,108.0,100
23.40.00,06.02.00,84,10122,30.9,22933.3,21939.5,152.9,05.50.00,05.50.00,0.0,77
02.09.00,08.34.00,71,9566,30.3,23103.8,22333.6,154.0,09.00.00,09.00.00,232.0,77
23.33.00,08.15.00,72,5519,30.6,31328.8,28926.9,208.9,07.00.00,07.00.00,78.0,100
22.47.00,06.10.00,76,4262,53.7,26617.4,22269.9,177.4,05.50.00,05.50.00,202.0,73
23.29.00,06.10.00,85,3865,46.3,24037.7,19871.2,160.3,06.00.00,06.00.00,0.0,71
23.11.00,06.20.00,95,3837,52.8,25744.7,21110.7,171.6,06.00.00,06.00.00,279.0,72
23.08.00,06.21.00,96,4237,45.2,25999.7,23399.7,173.3,06.00.00,06.00.00,0.0,77
22.33.00,06.19.00,97,5012,40.6,27955.7,26837.5,186.4,05.50.00,05.50.00,0.0,86
23.17.00,07.00.00,94,2281,28.8,27774.0,26755.6,185.2,07.00.00,07.00.00,0.0,94
22.41.00,08.01.00,90,2764,36.6,33594.3,29898.9,2687.5,07.00.00,07.00.00,830.0,100
22.25.00,06.10.00,86,10333,28.2,27915.1,26519.3,186.1,05.50.00,05.50.00,430.0,94
22.12.00,06.20.00,89,4822,32.9,29254.5,28181.8,195.0,05.50.00,05.50.00,0.0,95
22.55.00,06.20.00,91,5267,21.7,26706.1,24658.6,178.0,05.50.00,05.50.00,166.0,94
22.51.00,06.10.00,96,6322,41.4,26354.0,24772.8,175.7,05.50.00,05.50.00,0.0,80
22.25.00,05.52.00,95,4289,40.4,26826.9,25843.2,178.8,05.50.00,05.50.00,0.0,82
23.17.00,07.51.00,76,531,40.2,30852.8,28590.2,205.7,07.50.00,07.50.00,494.0,94
22.54.00,06.10.00,83,6333,50.1,26162.9,23197.7,174.4,05.50.00,05.50.00,0.0,73
22.33.00,06.10.00,90,4801,51.5,27404.8,25395.2,182.7,05.50.00,05.50.00,77.0,76
22.42.00,06.10.00,93,4366,50.8,26928.2,26748.7,179.5,05.50.00,05.50.00,68.0,75
22.00.00,06.21.00,96,5200,38.9,30100.7,25686.0,1505.0,05.50.00,05.50.00,164.0,93
23.37.00,07.57.00,88,5364,37.3,29993.9,27394.4,200.0,05.50.00,05.50.00,0.0,94
00.35.00,08.41.00,84,2830,29.2,29160.9,28966.5,194.4,05.50.00,05.50.00,275.0,97
23.23.00,06.22.00,76,7118,44.1,25111.7,23772.4,167.4,05.50.00,05.50.00,0.0,74
23.38.00,06.30.00,84,2779,34.3,24737.6,23748.1,164.9,06.30.00,06.30.00,0.0,79
22.26.00,06.11.00,85,192,55.8,27870.1,26476.6,185.8,06.10.00,06.10.00,0.0,82
22.39.00,07.16.00,91,4439,55.7,30984.1,27989.0,206.6,06.45.00,06.45.00,0.0,90
23.07.00,06.20.00,88,3272,46.6,25990.2,22784.8,173.3,06.00.00,06.00.00,0.0,80
23.05.00,06.33.00,98,949,53.7,26835.6,23168.0,178.9,06.30.00,06.30.00,0.0,76
22.26.00,06.22.00,93,8733,36.2,28578.9,26578.4,190.5,05.50.00,05.50.00,0.0,90
23.39.00,06.20.00,91,1184,35.9,24041.5,22278.5,160.3,05.50.00,05.50.00,72.0,77
22.46.00,06.19.00,92,2559,33.4,27184.4,23378.6,181.2,05.50.00,05.50.00,0.0,87
23.05.00,06.23.00,93,1710,38.2,26259.8,23546.3,175.1,05.50.00,05.50.00,381.0,80
00.57.00,08.33.00,85,5126,45.7,27377.2,25187.0,182.5,05.50.00,05.50.00,76.0,77
22.21.00,06.22.00,63,2746,51.8,28827.4,22965.8,192.2,05.50.00,05.50.00,965.0,75
22.36.00,06.21.00,79,2124,38.1,27851.0,25622.9,185.7,05.50.00,05.50.00,0.0,87
22.25.00,06.20.00,98,1626,40.4,28493.1,27068.4,190.0,05.50.00,05.50.00,0.0,86
23.13.00,06.10.00,96,2765,45.6,25074.0,22483.0,167.2,05.50.00,05.50.00,65.0,70
01.23.00,07.14.00,88,2435,23.0,21074.6,19880.3,1194.2,07.15.00,07.15.00,0.0,75
00.42.00,07.52.00,85,3057,41.1,25815.2,24696.6,172.1,07.30.00,07.30.00,64.0,75
23.28.00,06.20.00,83,8483,56.5,24721.1,21754.6,164.8,05.50.00,05.50.00,164.0,59
22.24.00,05.32.00,81,2745,50.4,25671.1,21906.0,941.3,05.30.00,05.30.00,765.0,67
23.20.00,06.03.00,86,4497,52.8,24220.1,21959.6,161.5,06.00.00,06.00.00,0.0,62
22.46.00,06.06.00,89,4745,48.3,26408.2,23679.3,176.1,06.00.00,06.00.00,0.0,72
22.41.00,06.10.00,94,3973,39.3,26934.7,24510.6,179.6,06.00.00,06.00.00,0.0,82
23.36.00,08.11.00,90,2370,40.8,30859.9,30037.0,205.7,07.30.00,07.30.00,451.0,92
22.54.00,07.55.00,89,4003,50.3,32477.8,28905.2,216.5,07.30.00,07.30.00,199.0,85
22.56.00,05.56.00,84,6853,37.9,25201.0,23353.0,168.0,05.50.00,05.50.00,0.0,78
22.18.00,06.00.00,90,2263,81.6,27716.2,25960.8,184.8,05.50.00,05.50.00,687.0,49
22.55.00,06.04.00,91,2394,47.6,25767.1,24135.2,171.8,05.50.00,05.50.00,0.0,72
22.02.00,06.08.00,94,2404,40.0,29120.9,23782.1,194.1,05.50.00,05.50.00,143.0,88
22.46.00,06.55.00,91,3922,40.8,29341.1,26700.4,195.6,06.45.00,06.45.00,62.0,88
21.53.00,08.37.00,83,5140,69.2,38656.7,31311.9,257.7,06.45.00,06.45.00,75.0,70
00.02.00,06.47.00,73,7430,53.8,24303.4,23493.3,162.0,06.45.00,06.45.00,0.0,64
22.04.00,06.04.00,72,3814,64.4,28849.8,22983.6,192.3,05.45.00,05.45.00,0.0,68
22.05.00,06.00.00,81,2604,48.0,28506.4,26701.0,190.0,05.40.00,05.40.00,74.0,81
22.48.00,06.42.00,88,1606,61.5,28453.8,24849.7,189.7,06.40.00,06.40.00,319.0,70
20.59.00,05.56.00,89,946,60.3,32187.9,29612.9,214.6,05.45.00,05.45.00,427.0,80
00.31.00,08.18.00,73,3283,46.2,28014.3,27827.5,186.8,05.45.00,05.45.00,0.0,82
22.35.00,08.07.00,71,4527,65.0,34317.3,30428.0,1715.9,05.45.00,05.45.00,1119.0,77
22.03.00,05.50.00,70,6107,79.1,28003.1,25669.5,186.7,05.40.00,05.40.00,0.0,57
22.23.00,05.42.00,85,3060,52.2,26342.1,21776.1,175.6,05.40.00,05.40.00,0.0,73
22.20.00,05.52.00,90,3991,41.4,27131.6,24780.2,180.9,05.40.00,05.40.00,0.0,83
20.59.00,06.04.00,94,3816,49.8,32681.6,28977.7,217.9,05.40.00,05.40.00,0.0,92
22.19.00,07.07.00,89,2368,47.6,31685.9,29151.1,211.2,06.45.00,06.45.00,334.0,92
21.47.00,07.09.00,88,7632,66.0,33709.4,29776.6,3258.6,07.00.00,07.00.00,0.0,78
22.34.00,06.01.00,90,7076,51.7,26853.2,23899.4,179.0,05.40.00,05.40.00,65.0,75
22.29.00,05.59.00,92,3601,52.2,27029.4,22074.0,1531.7,05.40.00,05.40.00,107.0,75
22.13.00,05.53.00,98,3832,51.0,27643.3,24510.4,184.3,05.40.00,05.40.00,0.0,78
01.32.00,08.37.00,50,5259,18.0,25538.1,24005.8,170.3,05.40.00,05.40.00,0.0,91
23.09.00,06.03.00,67,3551,71.5,24810.5,21502.4,165.4,06.00.00,06.00.00,0.0,56
21.41.00,06.02.00,73,5003,62.3,30034.6,25629.5,200.2,05.40.00,05.40.00,1583.0,75
22.06.00,06.00.00,88,3939,40.9,28458.4,25707.4,189.7,05.40.00,05.40.00,0.0,86
21.34.00,06.01.00,90,3301,24.5,30409.7,27774.2,1216.4,05.40.00,05.40.00,475.0,100
22.22.00,07.02.00,92,3352,50.1,31181.5,28479.1,935.4,05.40.00,05.40.00,98.0,87
00.18.00,08.00.00,76,7011,22.8,27748.7,26823.7,185.0,08.00.00,08.00.00,0.0,96
21.50.00,05.33.00,59,2708,34.9,27801.4,26318.7,926.7,05.30.00,05.30.00,65.0,88
21.55.00,06.36.00,75,4046,40.3,31266.4,28244.0,208.4,07.00.00,07.00.00,0.0,95
23.00.00,06.11.00,79,3140,56.2,25875.5,23115.4,172.5,05.50.00,05.50.00,402.0,68
22.18.00,07.00.00,88,3381,41.6,31301.9,27232.7,1878.1,06.50.00,06.50.00,554.0,94
22.39.00,07.55.00,88,3453,20.2,33401.2,32510.5,222.7,06.50.00,06.50.00,0.0,100
21.58.00,06.01.00,84,6132,31.9,29016.1,27855.5,193.4,05.50.00,05.50.00,451.0,93
22.13.00,06.01.00,88,7488,0.0,28093.2,27905.9,187.3,05.40.00,05.40.00,371.0,100
21.57.00,06.11.00,91,1968,47.1,29672.6,29474.8,197.8,05.40.00,05.40.00,127.0,84
22.50.00,05.57.00,95,2662,36.3,25587.1,23540.1,170.6,05.40.00,05.40.00,119.0,80
21.43.00,07.36.00,88,4203,27.6,35584.8,30721.6,3202.6,07.45.00,07.45.00,550.0,100
00.29.00,08.03.00,80,4436,38.8,27213.8,24492.4,181.4,08.00.00,08.00.00,0.0,83
22.28.00,05.41.00,68,4416,27.3,25970.0,24411.8,1558.2,05.40.00,05.40.00,0.0,86
22.20.00,06.06.00,79,3680,29.0,27984.5,24626.3,1585.8,05.45.00,05.45.00,0.0,92
22.51.00,06.01.00,95,4091,29.5,25816.8,24956.3,172.1,06.00.00,06.00.00,82.0,84
21.21.00,06.22.00,92,2122,31.1,32407.6,31435.4,216.1,05.40.00,05.40.00,76.0,100
22.38.00,06.42.00,89,4100,23.2,28991.7,28218.6,193.3,06.40.00,06.40.00,81.0,99
22.50.00,08.04.00,86,14631,23.5,33245.2,33023.5,221.6,06.40.00,06.40.00,780.0,100
23.18.00,08.33.00,89,166,30.1,33283.0,33061.1,221.9,06.40.00,06.40.00,80.0,100
23.12.00,06.22.00,87,2646,54.0,25769.4,21646.3,1288.5,06.30.00,06.30.00,390.0,68
21.13.00,05.36.00,83,7571,21.4,30190.1,29083.1,201.3,05.30.00,05.30.00,306.0,100
22.27.00,05.32.00,82,6955,32.6,25467.7,24788.5,169.8,05.30.00,05.30.00,1138.0,80
21.30.00,05.41.00,86,5631,31.3,29486.7,27914.1,196.6,05.30.00,05.30.00,144.0,94
21.47.00,05.55.00,92,6949,70.7,29274.3,27127.5,195.2,05.45.00,05.45.00,208.0,66
22.59.00,07.46.00,87,220,59.2,31615.2,28348.3,1580.8,05.45.00,05.45.00,2021.0,80
21.31.00,07.56.00,80,7927,52.1,37530.3,32276.1,1751.4,07.45.00,07.45.00,1166.0,87
22.41.00,06.42.00,83,6381,35.5,28851.3,28658.9,192.3,06.40.00,06.40.00,0.0,89
22.37.00,05.44.00,86,2040,28.3,25567.6,24459.7,170.5,05.40.00,05.40.00,79.0,83
23.12.00,06.08.00,88,2439,47.2,24919.3,20516.9,166.1,06.00.00,06.00.00,0.0,70
21.32.00,05.02.00,87,3000,46.6,27036.0,24512.7,180.2,05.00.00,05.00.00,309.0,76
23.40.00,08.03.00,75,9082,24.2,30169.5,29968.4,201.1,05.00.00,05.00.00,89.0,100
00.05.00,08.45.00,75,1418,34.2,31186.8,30978.9,207.9,05.00.00,05.00.00,804.0,97
21.46.00,05.01.00,66,1522,37.6,26100.5,22881.4,174.0,05.00.00,05.00.00,103.0,79
21.52.00,05.08.00,79,6994,39.5,26190.4,24531.6,174.6,05.00.00,05.00.00,0.0,78
21.31.00,05.03.00,81,5266,39.0,27094.2,26913.6,180.6,05.00.00,05.00.00,0.0,81
21.54.00,05.05.00,97,5406,27.3,25817.5,24956.9,172.1,05.00.00,05.00.00,880.0,85
22.18.00,06.30.00,93,3498,29.4,29547.3,27085.0,197.0,06.00.00,06.00.00,398.0,95
20.11.00,08.10.00,83,581,43.1,43094.3,34619.1,2442.0,06.00.00,06.00.00,0.0,94
22.28.00,08.52.00,76,954,49.9,37451.1,34455.0,1248.4,06.00.00,06.00.00,207.0,88
21.12.00,07.02.00,73,1660,58.2,35395.4,31265.9,4129.5,07.00.00,07.00.00,481.0,82
22.41.00,07.36.00,77,2938,69.1,32108.3,24295.3,2247.6,07.30.00,07.30.00,227.0,73
22.04.00,06.30.00,81,363,54.7,30356.8,28029.5,2327.4,06.30.00,06.30.00,97.0,80
01.21.00,08.29.00,71,1595,25.6,25688.2,24403.8,171.3,08.00.00,08.00.00,61.0,85
00.32.00,09.29.00,70,6042,34.5,32238.4,31056.3,214.9,08.00.00,08.00.00,65.0,100
23.58.00,08.00.00,84,1387,49.8,28931.6,24206.1,192.9,08.00.00,08.00.00,0.0,82
23.07.00,07.01.00,84,1191,53.6,28459.7,24095.9,3225.4,07.00.00,07.00.00,62.0,78
23.50.00,08.09.00,84,3622,63.8,29922.1,25932.4,199.5,07.00.00,07.00.00,110.0,73
23.51.00,07.10.00,88,4078,44.6,26335.4,22824.0,2106.8,07.00.00,07.00.00,61.0,79
23.28.00,07.00.00,94,190,119.5,27113.0,20605.9,180.8,07.00.00,07.00.00,509.0,35
22.45.00,08.36.00,88,3487,67.4,35485.7,32055.5,236.6,07.00.00,07.00.00,834.0,81
22.32.00,05.13.00,75,2484,67.2,24023.6,18978.6,160.2,05.00.00,05.00.00,0.0,60
21.14.00,05.13.00,80,5285,57.0,28738.2,23086.3,670.6,05.00.00,05.00.00,0.0,79
21.58.00,05.12.00,84,6538,62.6,26012.6,21070.2,173.4,05.00.00,05.00.00,0.0,68
22.13.00,05.11.00,94,4938,58.4,25069.2,21977.3,167.1,05.00.00,05.00.00,224.0,68
22.00.00,05.13.00,96,4245,75.0,25999.5,22966.2,173.3,05.00.00,05.00.00,1599.0,61
21.52.00,05.10.00,98,9453,51.9,26272.8,21981.5,175.2,05.00.00,05.00.00,0.0,75
21.42.00,05.10.00,99,6210,64.2,26881.2,24820.3,179.2,05.00.00,05.00.00,255.0,70
21.34.00,05.11.00,99,6315,57.5,27378.0,23362.6,182.5,05.00.00,05.00.00,77.0,75
22.15.00,07.03.00,92,5737,78.3,31714.2,25688.5,1585.7,07.00.00,07.00.00,1860.0,72
23.20.00,07.01.00,89,9200,72.4,27672.6,25274.3,184.5,07.00.00,07.00.00,1209.0,67
22.08.00,05.20.00,76,2078,56.0,25945.1,23091.1,173.0,05.00.00,05.00.00,0.0,73
21.30.00,05.11.00,93,4038,60.1,27672.7,24075.2,184.5,05.00.00,05.00.00,149.0,75
21.32.00,05.10.00,96,5873,44.0,27473.7,24360.0,183.2,05.00.00,05.00.00,312.0,85
21.36.00,06.25.00,94,4160,87.2,31730.3,28768.8,1692.3,06.00.00,06.00.00,1281.0,67
21.47.00,05.10.00,92,3932,42.9,26566.7,25415.5,177.1,05.00.00,05.00.00,0.0,82
23.43.00,08.30.00,72,2816,75.9,31635.8,28577.7,210.9,05.00.00,05.00.00,79.0,75
22.16.00,05.10.00,58,81,39.6,24861.1,22043.5,165.7,05.00.00,05.00.00,0.0,79
21.15.00,05.22.00,75,4925,48.0,29214.8,26682.9,194.8,05.00.00,05.00.00,97.0,87
21.55.00,06.01.00,80,4718,49.4,29146.7,25940.6,194.3,05.30.00,05.30.00,0.0,86
21.14.00,05.11.00,89,4740,57.8,28625.2,26812.3,190.8,05.00.00,05.00.00,73.0,79
23.03.00,07.00.00,82,5180,60.4,28639.9,24821.3,190.9,07.00.00,07.00.00,0.0,78
22.37.00,05.21.00,83,3418,49.4,24268.2,22893.0,161.8,05.00.00,05.00.00,0.0,72
21.51.00,05.14.00,93,4615,46.7,26526.1,23785.1,176.8,05.00.00,05.00.00,65.0,80
23.00.00,06.50.00,85,5616,48.1,28185.4,23769.7,187.9,06.30.00,06.30.00,399.0,84
21.23.00,05.13.00,81,1392,73.3,28156.9,25059.6,2440.3,05.00.00,05.00.00,958.0,68
22.36.00,05.11.00,80,5171,43.0,23695.2,21404.7,158.0,05.00.00,05.00.00,188.0,74
22.50.00,07.39.00,80,4452,46.2,31750.0,29315.8,211.7,07.00.00,07.00.00,0.0,96
23.42.00,09.01.00,83,7169,27.5,33548.6,31535.7,1230.1,07.00.00,07.00.00,150.0,100
22.03.00,05.17.00,71,369,47.3,26026.3,23510.4,173.5,05.00.00,05.00.00,118.0,78
21.14.00,05.54.00,75,3692,54.8,31179.5,28373.3,207.9,06.00.00,06.00.00,0.0,88
22.04.00,06.11.00,78,5252,38.5,29258.0,26039.7,195.1,06.00.00,06.00.00,0.0,94
22.16.00,05.10.00,90,2030,57.0,24837.0,22684.4,165.6,05.00.00,05.00.00,268.0,69
21.08.00,07.23.00,81,960,97.2,36899.6,31979.7,246.0,05.00.00,05.00.00,86.0,61
23.57.00,07.59.00,72,20566,76.4,28889.8,26386.0,192.6,08.00.00,08.00.00,84.0,68
22.45.00,06.43.00,75,2091,60.6,28660.8,26081.3,191.1,06.30.00,06.30.00,1405.0,78
22.43.00,05.11.00,83,1792,40.3,23297.3,20812.3,155.3,05.00.00,05.00.00,135.0,74
22.54.00,05.14.00,88,3982,39.9,22817.1,19318.5,152.1,05.00.00,05.00.00,0.0,72
22.56.00,06.20.00,92,10504,50.0,26653.6,22300.2,1066.1,06.00.00,06.00.00,0.0,78
23.05.00,07.17.00,93,2578,64.1,29503.9,25373.3,590.1,06.00.00,06.00.00,69.0,77
22.55.00,07.42.00,92,1520,74.1,31632.1,28679.8,2214.2,06.00.00,06.00.00,1296.0,76
22.01.00,05.11.00,86,7060,53.9,25807.8,21420.5,516.2,05.00.00,05.00.00,153.0,74
22.17.00,05.01.00,88,1528,67.5,24247.3,20610.2,484.9,05.00.00,05.00.00,0.0,62
21.35.00,05.05.00,87,5043,50.0,27000.0,22320.0,540.0,05.00.00,05.00.00,1740.0,80
21.34.00,05.46.00,95,4687,56.5,29528.3,26575.4,1378.0,05.45.00,05.45.00,371.0,83
22.09.00,06.56.00,91,5680,56.6,31594.7,25591.7,631.9,06.45.00,06.45.00,251.0,89
01.22.00,09.16.00,78,7548,50.0,28440.0,27871.2,568.8,06.45.00,06.45.00,477.0,84
22.23.00,05.11.00,47,5002,58.3,24484.2,18771.2,489.7,05.00.00,05.00.00,167.0,68
21.29.00,05.08.00,67,5740,49.1,27571.3,24354.6,551.4,05.00.00,05.00.00,1221.0,82
22.00.00,05.13.00,94,2062,51.7,25929.6,21435.1,518.6,05.00.00,05.00.00,160.0,76
22.18.00,06.45.00,91,3438,41.1,30464.1,27519.2,609.3,06.30.00,06.30.00,75.0,96
23.35.00,07.10.00,85,578,65.7,27345.4,23425.9,546.9,06.30.00,06.30.00,243.0,71
21.07.00,05.08.00,54,1847,77.3,28852.5,25294.0,1250.3,05.00.00,05.00.00,335.0,67
22.19.00,05.08.00,68,3349,59.2,24541.4,19960.3,490.8,05.00.00,05.00.00,0.0,67
21.41.00,05.12.00,88,3867,53.7,27018.3,23866.2,540.4,05.00.00,05.00.00,83.0,78
21.33.00,05.10.00,92,63,72.8,27447.2,22781.2,548.9,05.00.00,05.00.00,0.0,67
23.16.00,07.04.00,88,5426,42.6,28078.8,25832.5,561.6,07.00.00,07.00.00,0.0,88
00.10.00,06.37.00,86,857,64.1,23184.3,17774.6,2395.7,07.00.00,07.00.00,0.0,61
23.21.00,07.32.00,81,4155,55.5,29468.7,22690.9,589.4,07.30.00,07.30.00,135.0,84
22.01.00,06.41.00,85,2100,45.0,31244.7,28224.3,624.9,06.30.00,06.30.00,161.0,96
22.28.00,06.51.00,87,290,37.7,30183.6,27064.6,603.7,06.30.00,06.30.00,114.0,98
22.10.00,06.53.00,91,593,51.5,31386.2,25318.2,627.7,06.00.00,06.00.00,0.0,92
21.58.00,06.02.00,95,5383,34.3,29018.0,25245.6,1354.2,05.30.00,05.30.00,0.0,96
21.38.00,06.18.00,94,295,50.3,31211.7,28922.8,1040.4,05.30.00,05.30.00,72.0,92
23.05.00,07.04.00,89,1156,47.5,28770.5,23975.4,1150.8,07.00.00,07.00.00,176.0,87
00.50.00,08.17.00,84,3225,46.1,26786.5,24911.5,535.7,08.00.00,08.00.00,80.0,82
21.52.00,06.33.00,73,290,50.7,31260.3,25946.1,625.2,05.30.00,05.30.00,183.0,92
21.37.00,06.03.00,77,189,36.4,30347.6,28223.3,607.0,05.30.00,05.30.00,0.0,99
22.06.00,05.32.00,82,87,56.0,26751.5,23095.5,802.5,05.30.00,05.30.00,292.0,75
22.45.00,06.18.00,91,93,49.8,27175.0,25635.1,543.5,05.30.00,05.30.00,0.0,80
22.36.00,06.23.00,93,255,44.3,28018.5,25123.3,560.4,06.00.00,06.00.00,0.0,86
23.14.00,08.09.00,89,3079,44.4,32119.1,29549.5,642.4,06.00.00,06.00.00,162.0,99
23.12.00,07.00.00,89,4587,46.4,28064.2,24696.5,561.3,07.00.00,07.00.00,0.0,85
21.39.00,05.11.00,81,249,35.7,27112.7,25847.4,542.3,05.00.00,05.00.00,0.0,89
22.08.00,05.22.00,85,2748,40.3,26042.1,23785.1,520.8,05.00.00,05.00.00,72.0,83
21.37.00,05.10.00,87,1555,44.1,27230.4,26141.1,544.6,05.00.00,05.00.00,406.0,84
21.44.00,05.11.00,96,1721,50.7,26822.4,23335.5,536.4,05.00.00,05.00.00,0.0,78
22.06.00,06.01.00,94,2240,45.9,28499.6,23844.7,570.0,05.00.00,05.00.00,305.0,86
23.19.00,07.01.00,90,2897,34.2,27713.1,25865.6,1016.1,05.00.00,05.00.00,159.0,92
22.31.00,07.47.00,86,2020,42.4,33394.3,28607.8,667.9,05.00.00,05.00.00,0.0,100
21.51.00,05.22.00,81,999,54.8,27026.6,22432.1,540.5,05.00.00,05.00.00,0.0,76
21.45.00,05.34.00,86,7636,45.3,28101.1,24448.0,936.7,05.00.00,05.00.00,1214.0,86
22.34.00,05.30.00,88,7041,46.2,24977.4,23811.8,499.5,05.00.00,05.00.00,128.0,75
21.59.00,05.32.00,95,2711,37.5,27173.7,21920.1,543.5,05.00.00,05.00.00,0.0,88
21.33.00,07.03.00,90,1073,42.0,34178.3,30532.6,683.6,06.00.00,06.00.00,527.0,100
23.46.00,08.12.00,84,10147,46.5,30340.7,26902.1,606.8,06.00.00,06.00.00,0.0,91
23.23.00,08.39.00,83,4115,34.3,33387.4,32719.7,667.7,06.00.00,06.00.00,0.0,100
22.28.00,07.07.00,81,4154,43.7,31119.3,27903.6,622.4,06.00.00,06.00.00,125.0,96
23.50.00,08.01.00,84,14610,49.4,29464.7,26518.2,589.3,07.00.00,07.00.00,483.0,86
22.31.00,07.15.00,81,2949,86.3,31453.1,27154.5,629.1,06.00.00,06.00.00,457.0,64
21.24.00,07.07.00,84,2846,43.9,34942.8,31099.1,698.9,06.00.00,06.00.00,217.0,99
21.45.00,06.52.00,89,2690,67.0,32828.5,27685.4,1641.4,06.00.00,06.00.00,0.0,81
22.00.00,07.24.00,93,4228,50.6,33839.6,28425.3,676.8,07.00.00,07.00.00,0.0,94
00.02.00,08.24.00,88,4325,49.4,30104.0,27996.7,602.1,07.00.00,07.00.00,0.0,88
21.22.00,05.11.00,73,2830,58.7,28148.8,24395.6,1501.3,05.00.00,05.00.00,0.0,76
21.08.00,05.23.00,74,1593,56.0,29710.4,24659.6,594.2,05.00.00,05.00.00,0.0,82
21.20.00,05.32.00,81,2286,56.9,29559.5,25913.8,591.2,05.00.00,05.00.00,68.0,81
21.53.00,05.32.00,96,2759,48.8,27503.3,22461.0,550.1,05.00.00,05.00.00,443.0,81
21.28.00,07.23.00,91,234,57.4,35689.3,30573.8,4282.7,07.00.00,07.00.00,616.0,89
22.21.00,07.04.00,89,2502,42.7,31387.6,27725.7,627.8,07.00.00,07.00.00,175.0,97
22.52.00,07.42.00,87,929,50.1,31807.4,26082.1,636.1,07.30.00,07.30.00,212.0,93
21.47.00,05.42.00,85,1777,43.1,28465.6,25049.7,569.3,05.15.00,05.15.00,0.0,88
21.24.00,06.18.00,85,1995,74.8,32022.7,28820.4,640.5,05.30.00,05.30.00,0.0,74
21.49.00,05.00.00,84,6643,36.5,25874.8,23632.3,517.5,05.00.00,05.00.00,0.0,84
21.57.00,05.06.00,92,2317,64.1,25745.8,21197.3,514.9,05.00.00,05.00.00,165.0,66
21.44.00,05.11.00,94,2390,66.1,26795.5,23669.4,535.9,05.00.00,05.00.00,2554.0,68
00.16.00,07.06.00,86,1690,68.2,24623.2,22242.9,492.5,07.00.00,07.00.00,0.0,61
22.20.00,07.33.00,80,1018,72.4,33191.7,28434.2,995.8,07.00.00,07.00.00,553.0,77
23.03.00,07.11.00,78,972,32.2,29269.4,24391.2,2439.1,06.30.00,06.30.00,0.0,99
22.08.00,05.04.00,82,2153,9.2,24935.1,24436.4,498.7,05.00.00,05.00.00,2140.0,89
21.48.00,05.01.00,86,51,48.1,25972.8,22509.8,519.5,05.00.00,05.00.00,947.0,77
22.53.00,06.36.00,87,7553,48.4,27820.9,24018.7,556.4,06.15.00,06.15.00,0.0,82
21.18.00,06.48.00,82,5008,46.8,34205.7,32381.4,684.1,06.30.00,06.30.00,0.0,97
23.42.00,07.51.00,78,6556,43.2,29349.3,25240.4,587.0,07.00.00,07.00.00,252.0,90
22.12.00,05.21.00,74,7549,52.9,25739.2,21620.9,514.8,05.00.00,05.00.00,209.0,73
21.33.00,05.35.00,77,3965,64.5,28890.4,24749.4,577.8,05.00.00,05.00.00,85.0,74
21.51.00,05.13.00,85,2382,73.5,26504.0,23941.9,530.1,05.00.00,05.00.00,176.0,62
21.44.00,05.02.00,95,3387,50.9,26272.3,23382.4,525.4,05.00.00,05.00.00,115.0,76
22.45.00,07.06.00,86,3905,33.0,30068.0,27562.3,1403.2,07.00.00,07.00.00,290.0,100
22.59.00,07.15.00,97,5630,47.4,29765.1,26590.1,595.3,07.00.00,07.00.00,73.0,89
22.27.00,08.04.00,93,3666,68.7,34655.4,29803.7,693.1,07.30.00,07.30.00,106.0,80
22.05.00,07.03.00,89,4404,84.8,32280.7,29375.4,645.6,07.00.00,07.00.00,0.0,67
20.45.00,05.45.00,85,3731,54.9,32446.5,28336.6,1406.0,05.35.00,05.35.00,120.0,91
21.52.00,07.41.00,76,6065,102.7,35312.4,31781.1,706.2,05.35.00,05.35.00,286.0,55
22.58.00,07.33.00,82,2826,91.3,30882.7,26970.9,617.7,07.30.00,07.30.00,2104.0,61
22.42.00,06.51.00,91,8467,125.8,29303.5,21196.2,586.1,06.30.00,06.30.00,111.0,38
21.49.00,05.20.00,87,110,64.4,27067.7,21473.7,541.4,05.00.00,05.00.00,0.0,71
22.01.00,07.04.00,85,3056,51.4,32605.7,27171.4,652.1,06.30.00,06.30.00,0.0,94
21.54.00,05.13.00,83,5299,59.0,26365.2,20916.4,527.3,05.00.00,05.00.00,158.0,72
22.22.00,07.14.00,82,1829,55.9,31947.9,28646.6,639.0,06.30.00,06.30.00,0.0,90
23.43.00,08.05.00,81,2194,38.7,30088.5,26177.0,601.8,08.00.00,08.00.00,0.0,96
23.10.00,07.49.00,85,13172,62.8,31105.4,25610.1,622.1,07.00.00,07.00.00,1355.0,83
23.18.00,07.08.00,89,11414,40.5,28178.9,24609.5,563.6,06.30.00,06.30.00,114.0,89
21.56.00,05.24.00,87,904,101.3,26875.1,24366.8,537.5,05.00.00,05.00.00,77.0,50
21.53.00,05.12.00,88,3917,77.0,26318.8,22195.5,526.4,05.00.00,05.00.00,0.0,62
21.58.00,06.55.00,86,4670,40.3,32196.7,29084.3,643.9,06.30.00,06.30.00,0.0,100
23.59.00,07.49.00,86,254,109.5,28186.6,26025.6,563.7,07.30.00,07.30.00,1877.0,48
00.34.00,09.08.00,82,1448,45.3,30822.6,27945.8,616.5,07.30.00,07.30.00,207.0,94
23.15.00,08.29.00,81,4560,56.7,33206.1,30549.6,664.1,07.30.00,07.30.00,80.0,91
22.00.00,05.11.00,77,407,82.7,25864.3,24398.7,517.3,05.00.00,05.00.00,0.0,59
21.41.00,05.44.00,79,9774,141.5,28971.6,27619.6,579.4,05.00.00,05.00.00,85.0,34
21.53.00,05.10.00,83,159,64.1,26249.6,21174.7,525.0,05.00.00,05.00.00,693.0,70
21.54.00,05.26.00,95,5905,134.0,27155.9,20185.9,543.1,05.00.00,05.00.00,895.0,38
21.38.00,05.36.00,96,7253,76.6,28698.0,23628.0,765.3,05.00.00,05.00.00,0.0,71
23.42.00,08.44.00,77,4418,43.4,32514.9,30780.8,975.4,05.00.00,05.00.00,471.0,100
22.11.00,05.20.00,58,1149,130.9,25770.2,18984.1,515.4,05.00.00,05.00.00,0.0,39
22.27.00,05.12.00,78,2485,26.1,24244.0,20526.6,2666.8,05.00.00,05.00.00,0.0,82
22.59.00,05.23.00,83,5992,80.0,23081.4,20696.4,461.6,05.00.00,05.00.00,0.0,56
22.06.00,05.24.00,94,143,63.8,26252.2,23189.4,525.0,05.00.00,05.00.00,0.0,71
22.52.00,06.57.00,89,5921,45.2,29114.0,24455.8,582.3,06.30.00,06.30.00,0.0,89
22.54.00,08.14.00,87,7596,46.9,33627.9,27014.4,672.6,07.00.00,07.00.00,0.0,98
23.22.00,05.53.00,83,4657,27.8,23414.4,21931.5,468.3,05.30.00,05.30.00,0.0,78
22.07.00,05.04.00,80,1896,35.2,25005.7,23505.4,500.1,05.00.00,05.00.00,0.0,80
22.03.00,06.38.00,85,969,45.3,30882.5,23573.6,617.6,05.00.00,05.00.00,0.0,94
23.14.00,07.16.00,85,1780,82.4,28899.5,25913.2,578.0,05.00.00,05.00.00,456.0,69
22.54.00,05.26.00,84,3073,36.8,23505.0,21311.2,470.1,05.00.00,05.00.00,0.0,75
22.57.00,08.19.00,81,4850,38.8,33713.5,32027.8,1685.7,05.00.00,05.00.00,161.0,100
22.27.00,07.57.00,84,4077,50.4,34182.8,25637.1,683.7,05.00.00,05.00.00,437.0,95
22.28.00,05.01.00,81,6141,80.3,23564.2,21129.2,471.3,05.00.00,05.00.00,245.0,57
22.48.00,05.32.00,87,5095,58.7,24240.4,18907.5,484.8,05.00.00,05.00.00,0.0,68
22.25.00,07.03.00,84,1645,52.4,31119.0,25102.7,622.4,06.45.00,06.45.00,875.0,91
23.22.00,07.30.00,89,6452,24.3,29260.2,25846.5,585.2,06.45.00,06.45.00,0.0,100
22.51.00,06.16.00,86,2302,73.3,26656.4,23279.9,533.1,05.00.00,05.00.00,247.0,68
23.18.00,07.35.00,86,3122,41.8,29790.2,24030.7,1390.2,07.00.00,07.00.00,442.0,92
23.06.00,07.25.00,89,20015,33.1,29915.4,27821.3,598.3,07.00.00,07.00.00,0.0,97
22.26.00,07.05.00,91,9296,45.3,31155.0,26274.1,623.1,07.00.00,07.00.00,0.0,94
22.10.00,05.28.00,91,7452,103.0,26223.3,23688.4,524.5,06.00.00,06.00.00,0.0,53
23.08.00,06.19.00,85,9246,75.1,25879.9,22946.9,517.6,07.00.00,07.00.00,148.0,65
22.42.00,06.20.00,96,7512,58.3,27477.1,24271.5,549.5,06.00.00,06.00.00,0.0,77
23.39.00,07.02.00,91,10612,75.6,26548.3,22123.6,531.0,07.00.00,07.00.00,0.0,67
21.59.00,06.10.00,87,10151,40.0,29498.2,25073.5,590.0,06.00.00,06.00.00,75.0,92
22.05.00,06.22.00,88,275,71.0,29833.0,23070.8,1491.6,06.00.00,06.00.00,0.0,77
22.02.00,06.38.00,91,4071,35.0,30964.5,26629.5,2167.5,06.00.00,06.00.00,70.0,100
22.51.00,05.23.00,93,94,52.6,23497.0,21382.3,469.9,05.00.00,05.00.00,189.0,68
23.26.00,07.11.00,87,6963,31.7,27888.1,25564.1,557.8,07.00.00,07.00.00,0.0,91
23.53.00,07.55.00,84,9780,64.4,28909.9,24766.1,578.2,07.00.00,07.00.00,0.0,78
23.46.00,07.22.00,88,5918,83.1,27368.1,24266.4,547.4,07.00.00,07.00.00,0.0,65
22.34.00,06.03.00,88,9584,71.4,26899.9,21520.0,1345.0,05.30.00,05.30.00,0.0,69
22.09.00,06.05.00,90,4664,43.3,28563.1,25040.3,1047.3,06.00.00,06.00.00,0.0,88
22.42.00,06.35.00,89,5487,49.1,28412.4,23771.7,568.2,05.00.00,05.00.00,0.0,84
22.40.00,06.37.00,96,396,58.3,28615.6,21747.9,572.3,05.30.00,05.30.00,0.0,80
22.40.00,05.52.00,95,4830,57.4,25906.8,22798.0,518.1,05.30.00,05.30.00,166.0,73
22.25.00,07.14.00,93,966,61.5,31758.1,25300.6,635.2,07.00.00,07.00.00,316.0,87
22.24.00,06.53.00,92,5456,75.3,30517.1,27363.7,610.3,06.30.00,06.30.00,0.0,77
22.24.00,05.02.00,89,9737,62.3,23895.3,17363.9,1274.4,05.00.00,05.00.00,132.0,65
05.05.00,05.36.00,0,9737,0.0,1852.8,1815.8,37.1,05.35.00,05.35.00,0.0,7
05.36.00,06.54.00,0,9737,0.0,4664.4,4571.2,93.3,06.35.00,06.35.00,0.0,17
22.10.00,05.00.00,93,2406,58.1,24647.9,20704.3,985.9,05.00.00,05.00.00,0.0,69
21.56.00,05.18.00,93,4290,36.1,26524.6,22899.6,1503.1,05.00.00,05.00.00,631.0,85
22.12.00,05.03.00,96,8801,61.0,24708.3,21084.4,494.2,05.00.00,05.00.00,0.0,68
05.04.00,07.18.00,0,8801,33.7,8050.3,3193.3,1234.4,06.35.00,06.35.00,0.0,26
23.04.00,06.22.00,91,1897,44.0,26239.7,25102.6,524.8,06.35.00,06.35.00,0.0,80
22.21.00,05.40.00,89,1870,30.2,26338.4,20895.1,2370.5,06.00.00,06.00.00,0.0,87
21.47.00,04.33.00,85,4018,33.7,24341.1,21095.6,973.6,04.30.00,04.30.00,0.0,79
22.21.00,08.15.00,79,6266,29.3,35634.9,34922.2,712.7,04.30.00,04.30.00,0.0,100
22.27.00,05.31.00,76,10618,33.5,25424.1,24915.6,508.5,05.30.00,05.30.00,0.0,82
22.15.00,05.34.00,80,5139,65.0,26344.1,22831.5,526.9,05.00.00,05.00.00,0.0,71
22.00.00,05.03.00,89,1910,29.2,25359.5,23246.2,1098.9,05.00.00,05.00.00,0.0,84
21.56.00,05.02.00,97,7679,68.6,25524.1,23652.3,510.5,05.00.00,05.00.00,0.0,67
22.40.00,06.13.00,92,3006,59.9,27133.5,23515.7,542.7,06.00.00,06.00.00,0.0,75
22.10.00,07.11.00,90,10778,86.2,32428.3,30158.3,1405.2,06.30.00,06.30.00,0.0,75
22.29.00,05.44.00,86,2487,86.6,26065.0,21460.2,521.3,05.00.00,05.00.00,158.0,60
22.35.00,05.36.00,90,2212,81.5,25258.9,21891.0,505.2,05.30.00,05.30.00,0.0,61
22.00.00,05.32.00,93,1767,42.6,27139.3,23520.7,542.8,05.15.00,05.15.00,0.0,84
22.56.00,06.40.00,92,4358,91.1,27844.1,22182.4,556.9,06.30.00,06.30.00,80.0,62
23.02.00,07.14.00,91,166,45.4,29534.6,25695.1,590.7,06.30.00,06.30.00,0.0,90
22.50.00,07.50.00,90,4424,42.6,32367.0,30209.2,647.3,07.30.00,07.30.00,0.0,100
23.50.00,07.20.00,92,3810,60.2,27016.3,23954.4,540.3,07.30.00,07.30.00,0.0,75
22.22.00,05.26.00,84,6718,85.6,25405.3,21425.1,508.1,05.15.00,05.15.00,0.0,59
22.06.00,05.32.00,84,166,52.2,26780.1,20352.9,2856.5,05.10.00,05.10.00,0.0,78
22.29.00,05.00.00,95,3002,47.4,23444.1,19771.2,1953.7,05.00.00,05.00.00,112.0,70
22.03.00,05.11.00,94,2041,53.7,25681.0,21572.0,513.6,05.00.00,05.00.00,0.0,74
21.24.00,05.11.00,94,355,125.8,27999.2,26225.9,560.0,05.00.00,05.00.00,0.0,46
23.09.00,06.54.00,87,4170,64.7,27915.6,24193.5,558.3,06.30.00,06.30.00,248.0,75
21.59.00,05.24.00,81,40,70.3,26669.6,22046.9,533.4,05.00.00,05.00.00,72.0,70
23.01.00,06.11.00,78,961,97.2,25803.2,20470.5,1892.2,06.00.00,06.00.00,190.0,55
22.18.00,05.13.00,83,2635,62.9,24891.1,20410.7,497.8,05.00.00,05.00.00,0.0,68
21.35.00,05.32.00,87,1247,86.9,28627.1,25573.6,572.5,05.00.00,05.00.00,0.0,67
22.07.00,05.22.00,90,1478,31.5,26090.5,24351.1,521.8,05.00.00,05.00.00,0.0,86
22.44.00,07.17.00,88,1846,57.8,30811.6,24546.5,3697.4,06.30.00,06.30.00,507.0,87
23.10.00,07.00.00,89,8061,106.6,28180.2,20853.3,563.6,07.00.00,07.00.00,0.0,56
21.49.00,05.24.00,83,7376,41.2,27324.3,25138.3,546.5,05.00.00,05.00.00,0.0,85
00.20.00,07.06.00,78,190,96.8,24354.9,21026.4,487.1,07.00.00,07.00.00,0.0,53
22.47.00,05.13.00,70,926,59.8,23188.6,19864.9,463.8,05.00.00,05.00.00,0.0,65
22.22.00,05.10.00,77,326,32.2,24480.1,23174.5,489.6,05.00.00,05.00.00,109.0,80
21.25.00,05.56.00,84,3861,76.2,30614.9,26328.8,612.3,06.00.00,06.00.00,0.0,77
22.09.00,05.16.00,90,3619,50.0,25627.5,23919.0,1110.5,05.15.00,05.15.00,0.0,76
21.22.00,06.37.00,85,2782,50.8,33287.5,29736.9,665.8,06.30.00,06.30.00,0.0,96
21.58.00,06.12.00,87,5380,113.6,29631.4,24001.5,592.6,06.00.00,06.00.00,179.0,56
21.09.00,06.10.00,92,7271,60.0,32489.5,25125.2,649.8,06.00.00,06.00.00,0.0,91
22.12.00,06.18.00,92,8316,76.3,29194.6,23161.0,1265.1,06.00.00,06.00.00,0.0,74
22.30.00,06.09.00,93,29359,71.2,27505.2,24663.0,550.1,06.00.00,06.00.00,73.0,72
21.54.00,06.00.00,93,15376,57.8,29161.6,24787.4,583.2,06.00.00,06.00.00,0.0,83
22.13.00,06.17.00,95,5640,36.5,29059.4,27412.7,581.2,06.30.00,06.30.00,0.0,93
22.06.00,06.18.00,96,16810,40.4,29543.7,25801.5,590.9,05.55.00,05.55.00,113.8,92
22.09.00,06.27.00,97,500,106.7,29837.5,26257.0,596.7,05.55.00,05.55.00,0.0,61
22.20.00,06.32.00,98,2524,52.3,29477.0,25252.0,589.5,05.30.00,05.30.00,0.0,86
21.32.00,05.08.00,93,2191,48.3,27352.3,22064.2,1458.8,05.00.00,05.00.00,61.9,82
21.14.00,06.20.00,89,5679,72.1,32768.9,28618.2,655.4,05.00.00,05.00.00,0.0,84
23.50.00,07.10.00,80,10959,44.3,26358.7,22580.6,527.2,07.00.00,07.00.00,0.0,81
22.57.00,07.17.00,83,11769,101.2,30042.2,27238.2,600.8,07.00.00,07.00.00,0.0,64
23.31.00,06.40.00,84,8921,61.1,25766.3,21815.5,515.3,06.30.00,06.30.00,0.0,72
21.55.00,05.28.00,86,2440,40.1,27144.9,24430.4,1085.8,05.05.00,05.05.00,0.0,85
21.13.00,05.03.00,86,1551,53.4,28218.5,22386.7,1975.3,05.00.00,05.00.00,0.0,82
21.09.00,05.11.00,89,3166,67.9,28947.2,25956.0,2026.3,05.00.00,05.00.00,1554.9,77
22.35.00,07.01.00,87,6,38.0,30369.9,22676.2,2733.3,06.30.00,06.30.00,0.0,96
22.50.00,06.54.00,89,3424,50.3,29042.8,25170.4,580.9,06.30.00,06.30.00,0.0,86
22.13.00,05.33.00,84,3312,44.3,26378.5,24004.4,527.6,05.30.00,05.30.00,0.0,81
21.54.00,05.10.00,92,3864,69.0,26209.1,22976.7,524.2,05.00.00,05.00.00,96.7,69
22.02.00,05.05.00,92,1470,47.2,25382.2,24113.0,507.6,05.00.00,05.00.00,0.0,77
21.48.00,05.31.00,96,1395,71.1,27799.9,23629.9,556.0,05.30.00,05.30.00,775.8,73
22.13.00,05.02.00,95,1311,41.5,24525.4,22563.4,490.5,05.00.00,05.00.00,0.0,76
21.33.00,05.12.00,93,1341,45.2,27586.5,24735.9,551.7,05.00.00,05.00.00,0.0,84
21.17.00,05.00.00,94,2346,58.1,27791.5,24641.8,555.8,05.00.00,05.00.00,736.8,79
22.38.00,05.47.00,90,8549,73.0,25692.4,20639.5,513.8,05.45.00,05.45.00,0.0,66
22.07.00,06.33.00,89,16513,99.6,30354.0,24485.5,607.1,06.30.00,06.30.00,1059.1,65
20.51.00,05.02.00,83,740,92.0,29426.6,25208.8,588.5,05.00.00,05.00.00,69.1,67
21.56.00,05.03.00,86,4489,44.0,25577.2,24554.1,511.5,05.00.00,05.00.00,0.0,79
20.59.00,05.08.00,86,12532,62.3,29340.2,24352.4,586.8,05.00.00,05.00.00,0.0,81
22.05.00,06.02.00,89,8078,36.9,28642.4,27496.7,572.8,06.00.00,06.00.00,0.0,91
22.24.00,08.09.00,82,9783,86.4,35109.7,30311.4,702.2,06.00.00,06.00.00,79.7,77
22.57.00,06.51.00,82,6880,35.9,28447.8,26646.1,663.8,06.30.00,06.30.00,0.0,91
22.09.00,05.05.00,82,11938,62.1,24984.4,20070.8,2248.6,05.00.00,05.00.00,0.0,69
21.36.00,05.09.00,86,5681,73.3,27157.5,24260.7,543.2,05.00.00,05.00.00,358.7,70
21.52.00,05.02.00,90,7498,68.3,25794.1,21581.1,515.9,05.00.00,05.00.00,383.0,69
21.27.00,06.38.00,92,5421,64.4,33035.3,28300.2,660.7,06.30.00,06.30.00,0.0,89
22.49.00,07.21.00,88,963,68.6,30746.8,28389.6,614.9,07.00.00,07.00.00,0.0,82
21.54.00,07.02.00,85,3505,70.7,32845.1,30108.0,656.9,07.00.00,07.00.00,0.0,85
21.38.00,05.26.00,86,19973,53.6,28062.2,23852.9,1216.0,05.00.00,05.00.00,1439.7,82
22.10.00,05.04.00,89,10154,61.3,24881.4,22393.2,1575.8,05.00.00,05.00.00,0.0,69
22.20.00,06.46.00,87,0,41.9,30322.6,28604.3,606.5,06.30.00,06.30.00,0.0,94
22.27.00,06.37.00,92,3914,37.2,29424.4,28149.4,588.5,06.30.00,06.30.00,0.0,94
23.43.00,07.02.00,89,3087,38.4,26327.4,23431.4,614.3,07.00.00,07.00.00,0.0,84
22.29.00,06.30.00,90,4108,72.1,28877.6,24257.2,577.6,06.30.00,06.30.00,0.0,75
22.09.00,05.18.00,86,10543,46.1,25772.0,21992.1,515.4,05.15.00,05.15.00,0.0,78
22.32.00,06.38.00,86,12025,38.8,29141.9,27587.7,874.3,06.30.00,06.30.00,250.1,92
21.36.00,05.04.00,84,2342,92.1,26865.2,21939.9,537.3,05.00.00,05.00.00,157.4,61
21.31.00,05.05.00,88,10190,64.9,27275.1,23547.5,1363.8,05.00.00,05.00.00,447.9,74
22.13.00,07.02.00,85,13108,72.2,31733.4,24540.5,634.7,07.00.00,07.00.00,0.0,83
22.22.00,05.03.00,86,7061,31.2,24008.6,21047.5,880.3,05.00.00,05.00.00,0.0,79
22.12.00,05.57.00,84,12663,47.9,27895.9,26501.1,557.9,05.45.00,05.45.00,0.0,84
22.00.00,06.00.00,88,13661,48.5,32407.0,29058.3,648.1,05.45.00,05.45.00,0.0,97
21.21.00,05.06.00,87,8573,66.8,27881.5,23885.2,557.6,05.00.00,05.00.00,0.0,75
22.26.00,05.03.00,90,7366,83.6,23847.8,18203.8,477.0,05.00.00,05.00.00,466.7,57
21.42.00,07.04.00,86,9077,75.3,33696.4,28754.3,1235.5,07.00.00,07.00.00,0.0,83
21.45.00,07.03.00,92,505,49.6,33488.5,28688.5,669.8,07.00.00,07.00.00,61.6,97
22.15.00,07.08.00,91,1538,61.5,32008.4,27740.6,1280.3,07.00.00,07.00.00,0.0,89
23.27.00,07.14.00,95,9335,55.0,28063.1,24040.7,561.3,07.00.00,07.00.00,0.0,81
22.02.00,07.09.00,91,11490,48.3,32817.5,30301.4,1531.5,07.00.00,07.00.00,69.0,97
00.03.00,07.05.00,86,7385,67.4,25327.0,22034.5,506.5,07.00.00,07.00.00,0.0,68
21.55.00,06.41.00,83,7949,58.7,31547.8,27341.5,631.0,06.30.00,06.30.00,0.0,89
23.11.00,07.27.00,82,3949,86.4,29769.8,25403.6,595.4,07.00.00,07.00.00,340.5,70
22.49.00,07.08.00,85,2106,106.7,29944.0,28147.4,598.9,07.00.00,07.00.00,168.6,61
22.07.00,07.02.00,90,9604,57.9,32113.5,28259.9,2569.1,07.00.00,07.00.00,0.0,91
22.24.00,07.06.00,95,9941,57.7,31335.8,27366.6,731.2,07.00.00,07.00.00,0.0,89
22.15.00,06.58.00,96,282,82.5,31380.6,30125.4,627.6,06.45.00,06.45.00,0.0,76
21.50.00,05.04.00,92,8294,48.0,26044.7,21617.1,520.9,05.00.00,05.00.00,2150.4,79
22.00.00,05.04.00,92,8288,64.5,25424.7,22712.8,508.5,05.00.00,05.00.00,79.5,70
22.30.00,06.12.00,88,17101,63.7,27750.8,23310.7,555.0,06.00.00,06.00.00,0.0,76
22.24.00,06.22.00,94,1485,52.7,28692.3,23910.2,1147.7,06.00.00,06.00.00,0.0,84
22.20.00,06.04.00,94,399,51.6,27864.2,21827.0,557.3,06.00.00,06.00.00,116.5,82
22.31.00,06.11.00,97,4936,50.2,27602.7,21346.1,552.1,06.00.00,06.00.00,0.0,82
21.33.00,05.04.00,92,2678,69.1,27090.8,23659.3,541.8,05.00.00,05.00.00,708.5,72
22.24.00,05.06.00,91,10668,45.1,24114.1,19773.6,1125.3,05.00.00,05.00.00,0.0,74
21.43.00,06.54.00,85,972,73.0,33088.4,27022.2,661.8,06.30.00,06.30.00,0.0,84
22.41.00,07.05.00,87,2737,46.7,30212.2,27996.7,604.2,07.00.00,07.00.00,780.0,92
21.26.00,05.03.00,81,9778,65.2,27422.9,19287.4,3656.4,05.00.00,05.00.00,960.0,75
21.55.00,05.03.00,86,12159,36.9,25683.8,23886.0,856.1,05.00.00,05.00.00,600.0,82
22.55.00,05.34.00,85,12336,37.7,23972.4,21734.9,1118.7,05.30.00,05.30.00,600.0,77
22.19.00,05.11.00,92,10007,36.0,24734.6,23333.0,494.7,05.00.00,05.00.00,600.0,80
22.12.00,05.12.00,93,17777,36.9,25208.3,22771.5,1260.4,05.00.00,05.00.00,104.3,81
21.51.00,05.02.00,95,11718,64.4,25807.6,20129.9,5677.7,05.00.00,05.00.00,780.0,71
22.08.00,06.22.00,91,6539,44.2,29613.2,27540.3,592.3,06.00.00,06.00.00,1500.0,91
22.02.00,06.34.00,92,5949,59.5,30757.3,29014.4,1742.9,06.30.00,06.30.00,360.0,87
23.20.00,07.11.00,91,12342,62.9,28249.2,23446.8,565.0,07.00.00,07.00.00,300.0,78
22.08.00,05.05.00,85,8244,48.9,25014.1,21678.9,500.3,05.00.00,05.00.00,240.0,75
22.44.00,06.28.00,80,16065,65.0,27790.5,23899.8,555.8,06.15.00,06.15.00,660.0,76
21.59.00,05.55.00,82,249,63.4,28520.8,24052.6,570.4,05.45.00,05.45.00,360.0,78
22.00.00,06.42.00,89,7191,52.3,31287.9,29097.7,625.8,06.30.00,06.30.00,522.2,92
21.39.00,05.06.00,89,11287,58.0,26798.1,21885.1,1161.3,05.00.00,05.00.00,259.2,76
22.35.00,06.15.00,83,12124,41.0,27609.6,23652.2,552.2,06.00.00,06.00.00,2134.6,87
22.23.00,05.03.00,85,12199,44.2,23988.0,22228.9,479.8,05.00.00,05.00.00,840.0,74
22.20.00,05.01.00,94,10675,37.0,24028.2,21385.1,1842.2,05.00.00,05.00.00,113.2,77
22.16.00,07.03.00,91,9939,52.0,31603.5,26020.2,632.1,07.00.00,07.00.00,960.0,93
21.42.00,07.01.00,92,6445,58.3,33522.8,28941.3,670.5,06.30.00,06.30.00,65.7,92
20.33.00,07.01.00,89,1280,55.7,37708.9,32806.8,3268.1,07.00.00,07.00.00,248.7,93
23.35.00,07.07.00,86,6355,53.8,27140.0,22616.7,542.8,07.00.00,07.00.00,960.0,79
22.06.00,06.01.00,81,7489,54.6,28490.0,25641.0,569.8,06.00.00,06.00.00,1559.9,83
21.59.00,05.01.00,81,13281,57.9,25325.8,21780.2,506.5,05.00.00,05.00.00,192.5,72
22.02.00,06.52.00,85,623,63.5,31793.8,25117.1,635.9,06.15.00,06.15.00,720.0,87
21.19.00,05.42.00,86,2959,46.7,30144.2,25019.7,602.9,06.00.00,06.00.00,157.1,92
21.32.00,08.00.00,83,2035,64.2,37709.1,31172.9,754.2,07.00.00,07.00.00,600.0,88
00.23.00,07.03.00,74,5076,52.9,23987.5,20149.5,1519.2,07.00.00,07.00.00,780.0,70
22.28.00,08.07.00,72,5408,61.0,34743.1,28836.8,694.9,07.00.00,07.00.00,1560.0,90
00.13.00,08.17.00,80,3247,40.7,29021.6,26990.1,580.4,08.00.00,08.00.00,478.2,91
00.10.00,08.27.00,86,9271,58.5,29770.0,25106.1,595.4,08.00.00,08.00.00,900.0,84
00.12.00,08.04.00,93,2114,78.2,28339.2,23332.6,566.8,08.00.00,08.00.00,1596.9,70
23.10.00,06.05.00,90,7486,72.5,24905.6,17766.0,498.1,06.00.00,06.00.00,900.0,64
22.58.00,06.50.00,88,2384,68.2,28273.8,23184.5,565.5,06.45.00,06.45.00,178.9,75
22.26.00,05.38.00,84,11420,36.3,25917.9,22807.7,518.4,07.00.00,07.00.00,507.1,84
22.57.00,06.49.00,88,9873,39.4,28285.1,24419.5,565.7,08.00.00,08.00.00,325.4,90
21.32.00,05.03.00,82,3861,89.0,27061.5,23814.1,541.2,05.00.00,05.00.00,904.1,62
22.22.00,05.49.00,82,3537,40.2,26826.7,20388.3,2325.0,06.30.00,06.30.00,74.9,85
22.02.00,04.41.00,83,4854,51.1,23936.9,20346.4,478.7,05.30.00,05.30.00,660.0,71
21.28.00,05.02.00,89,8312,24.4,27255.4,23076.2,545.1,05.00.00,05.00.00,900.0,94
21.55.00,04.41.00,91,0,67.6,24360.6,19001.3,487.2,05.00.00,05.00.00,0.0,65
00.56.00,07.25.00,79,12659,52.5,23313.2,21137.3,466.3,08.30.00,08.30.00,1080.0,68
00.41.00,08.24.00,78,11525,100.7,27795.4,23811.4,555.9,08.30.00,08.30.00,89.8,58
22.35.00,05.02.00,65,10555,31.5,23244.0,19060.1,929.8,05.00.00,05.00.00,60.0,77
21.27.00,05.02.00,78,9123,73.2,27274.8,23638.2,545.5,05.00.00,05.00.00,240.0,70
22.48.00,06.13.00,75,9133,50.6,26709.7,24038.7,534.2,06.00.00,06.00.00,330.2,79
20.58.00,05.41.00,83,279,44.5,31384.3,25839.7,2196.9,05.30.00,05.30.00,120.0,97
21.01.00,06.02.00,85,7778,87.5,32402.3,26677.9,648.0,05.30.00,05.30.00,420.0,75
23.26.00,06.54.00,83,8442,86.8,26825.2,22533.2,536.5,07.00.00,07.00.00,180.0,63
23.16.00,07.12.00,88,8849,65.1,28534.3,23683.5,570.7,07.00.00,07.00.00,303.0,78
22.48.00,06.00.00,85,310,67.9,25927.1,22470.1,518.5,06.00.00,06.00.00,240.0,69
22.49.00,06.00.00,94,3519,93.5,25878.2,19667.5,517.6,06.00.00,06.00.00,180.0,58
21.57.00,06.02.00,93,4128,67.3,29066.2,26740.9,581.3,06.00.00,06.00.00,480.0,78
22.09.00,05.01.00,94,8061,53.2,24736.1,20778.3,494.7,05.00.00,05.00.00,99.6,72
21.16.00,05.00.00,92,10239,61.6,27853.7,25161.1,557.1,05.00.00,05.00.00,88.5,78
22.32.00,07.18.00,84,7825,38.0,31559.5,29139.9,631.2,08.00.00,08.00.00,214.3,100
23.41.00,07.20.00,84,2790,31.0,27555.8,25902.4,551.1,07.30.00,07.30.00,780.0,91
22.50.00,04.53.00,78,22114,56.3,21736.1,18185.9,434.7,05.00.00,05.00.00,840.0,62
21.32.00,05.01.00,83,3909,124.4,26964.9,20763.0,539.3,05.00.00,05.00.00,780.0,46
22.03.00,06.00.00,83,8974,45.4,28647.2,25687.0,572.9,06.00.00,06.00.00,720.0,88
22.23.00,05.38.00,90,0,36.9,26100.1,23664.1,522.0,06.00.00,06.00.00,0.0,74
16.17.00,17.04.00,45,3559,0.0,2855.4,2798.3,57.1,06.00.00,06.00.00,60.0,7
21.43.00,06.36.00,89,6687,27.3,31996.6,29650.2,639.9,07.00.00,07.00.00,1331.3,91
00.07.00,06.29.00,86,13272,20.4,22926.8,19946.3,1299.2,07.00.00,07.00.00,180.0,70
23.06.00,06.26.00,85,9759,35.2,26424.4,23253.5,528.5,06.30.00,06.30.00,480.0,72
22.06.00,05.01.00,83,9040,26.2,24885.4,22562.8,497.7,05.00.00,05.00.00,480.0,73
22.03.00,05.02.00,90,9151,25.2,25124.7,22863.5,502.5,05.00.00,05.00.00,420.0,75
21.15.00,06.23.00,87,9978,41.8,32869.4,30787.6,657.4,06.00.00,06.00.00,1439.7,81
22.23.00,05.00.00,87,5431,45.0,23860.0,23382.8,477.2,05.00.00,05.00.00,480.0,59
22.21.00,06.01.00,84,9048,75.7,27591.3,24372.3,551.8,06.00.00,06.00.00,0.0,62
22.15.00,05.31.00,88,5307,68.5,26151.0,18480.1,523.0,06.00.00,06.00.00,180.0,63
22.47.00,07.00.00,90,0,47.1,29564.9,25425.8,591.3,07.00.00,07.00.00,0.0,81
22.17.00,05.02.00,86,10100,33.7,24269.2,21842.2,485.4,05.00.00,05.00.00,79.6,72
22.06.00,05.01.00,87,6431,32.2,24890.9,23895.3,497.8,05.00.00,05.00.00,430.3,75
21.12.00,06.03.00,87,7037,141.7,31801.1,26288.9,2862.1,06.00.00,06.00.00,480.0,66
22.04.00,06.08.00,91,4975,48.2,29050.8,22175.4,2420.9,06.00.00,06.00.00,0.0,83
00.35.00,07.10.00,81,9163,83.6,23670.1,20750.8,473.4,08.00.00,08.00.00,240.0,59
22.27.00,06.46.00,75,4727,53.8,29952.4,27057.0,599.0,06.45.00,06.45.00,240.0,84
23.31.00,06.54.00,84,6164,63.6,26555.5,22306.6,2301.5,07.00.00,07.00.00,420.0,72
21.23.00,06.03.00,81,1668,61.1,31232.1,28213.0,1353.4,06.00.00,06.00.00,151.5,85
21.14.00,05.31.00,86,3396,102.1,29768.0,25005.1,595.4,05.30.00,05.30.00,480.0,70
21.41.00,05.07.00,87,4263,32.2,26785.2,24285.3,535.7,05.30.00,05.30.00,420.0,83
23.05.00,06.00.00,89,3126,31.7,24912.7,23833.2,498.3,06.00.00,06.00.00,240.0,77
00.15.00,07.02.00,85,4865,33.1,24412.8,22052.9,488.3,07.00.00,07.00.00,120.0,75
01.15.00,06.58.00,85,9103,36.2,20582.3,18112.4,411.6,07.00.00,07.00.00,180.0,62
21.10.00,05.00.00,74,3490,67.9,28224.8,23614.7,3010.6,05.00.00,05.00.00,0.0,75
21.08.00,05.00.00,80,10591,56.6,28291.8,24236.6,565.8,05.00.00,05.00.00,360.0,79
21.08.00,05.00.00,83,10444,65.3,28314.1,25765.9,566.3,05.00.00,05.00.00,180.0,76
23.20.00,06.46.00,89,8592,51.8,26754.2,19263.0,2407.9,06.45.00,06.45.00,180.0,76
22.18.00,06.24.00,85,1857,72.4,29126.1,26601.9,582.5,07.00.00,07.00.00,61.3,76
00.41.00,06.42.00,78,17274,57.6,21657.7,17326.1,433.2,07.00.00,07.00.00,79.6,60
22.52.00,07.04.00,83,13773,35.8,29563.1,25325.7,4237.4,07.00.00,07.00.00,240.0,91
22.03.00,06.00.00,81,2845,63.1,28654.2,24069.5,1910.3,06.00.00,06.00.00,60.0,78
22.17.00,06.00.00,88,4054,132.6,27752.4,22201.9,555.0,06.00.00,06.00.00,60.0,79
22.13.00,04.37.00,90,5375,39.1,23010.7,17641.5,2684.6,05.00.00,05.00.00,240.0,69
22.20.00,05.34.00,92,7579,94.4,26063.7,22762.3,521.3,05.00.00,05.00.00,180.0,74
21.50.00,05.25.00,91,5447,63.2,27301.4,24571.3,546.0,05.30.00,05.30.00,840.0,80
23.23.00,06.11.00,89,5007,74.1,24472.7,20067.6,1386.8,07.30.00,07.30.00,120.0,71
00.45.00,07.32.00,84,0,76.1,24397.7,18460.9,1138.6,07.30.00,07.30.00,480.0,71
22.31.00,05.01.00,73,3969,159.4,23399.3,15287.6,1949.9,05.00.00,05.00.00,120.0,58
21.41.00,05.00.00,77,9189,121.4,26369.7,18898.3,1406.4,05.00.00,05.00.00,733.7,70
21.40.00,05.30.00,83,4718,110.3,28183.8,23956.2,563.7,05.30.00,05.30.00,240.0,77
21.32.00,06.20.00,94,7347,59.1,31692.6,26093.5,2429.8,05.30.00,05.30.00,440.5,100
23.48.00,06.28.00,89,1544,74.7,23993.7,20874.5,3119.2,07.30.00,07.30.00,300.0,72
23.01.00,06.59.00,87,4808,69.7,28705.3,23825.4,1435.3,07.30.00,07.30.00,61.6,87
00.01.00,07.21.00,85,17685,46.7,22836.0,20095.7,456.7,07.30.00,07.30.00,240.0,73
23.12.00,06.09.00,86,6766,33.6,25026.1,20437.9,2085.5,07.30.00,07.30.00,1256.9,82
21.57.00,05.31.00,87,3094,41.4,27205.8,23306.3,1541.7,05.30.00,05.30.00,1355.2,87
22.17.00,06.14.00,89,7420,135.9,28605.3,21930.7,572.1,05.30.00,05.30.00,1211.0,69
22.51.00,06.14.00,93,6589,27.3,26574.3,22942.4,2834.6,06.00.00,06.00.00,252.6,87
22.17.00,05.43.00,93,2605,78.6,26777.7,23028.8,535.6,05.30.00,05.30.00,60.0,77
22.41.00,06.46.00,91,0,96.3,29069.3,25484.0,581.4,06.30.00,06.30.00,0.0,79
23.44.00,06.59.00,90,4908,115.7,26135.4,19340.2,3484.7,07.00.00,07.00.00,60.0,67
22.35.00,05.00.00,84,3468,16.8,23098.9,20173.0,2925.9,05.00.00,05.00.00,401.0,78
22.06.00,05.14.00,86,4046,47.1,25698.7,20901.6,2484.2,05.00.00,05.00.00,60.0,80
21.45.00,05.11.00,88,9557,72.9,26761.7,21855.4,535.2,05.00.00,05.00.00,215.0,78
22.18.00,06.09.00,93,5869,66.1,28264.3,25155.3,565.3,06.00.00,06.00.00,194.0,84
22.39.00,06.11.00,94,5510,88.1,27148.7,18913.6,1085.9,06.00.00,06.00.00,252.0,75
23.09.00,06.00.00,93,7141,22.7,24690.9,21563.4,2057.6,06.00.00,06.00.00,71.0,82
22.32.00,07.47.00,90,6532,54.2,33310.2,30534.3,999.3,08.00.00,08.00.00,180.0,99
22.47.00,06.56.00,88,22030,32.1,29338.6,24253.3,2053.7,06.00.00,06.00.00,240.0,95
22.32.00,05.02.00,84,2222,22.3,23393.3,20898.0,1871.5,05.00.00,05.00.00,300.0,77
21.56.00,04.21.00,87,13602,16.8,23106.7,20410.9,1617.5,05.00.00,05.00.00,120.0,76
22.20.00,06.45.00,83,7623,37.5,30313.5,24654.9,2020.9,05.30.00,05.30.00,223.0,95
23.53.00,07.31.00,82,4390,19.5,27480.3,24457.5,1832.0,07.00.00,07.00.00,75.0,90
00.45.00,07.11.00,82,7394,105.4,23153.3,19371.6,463.1,08.00.00,08.00.00,406.0,59
00.08.00,06.56.00,88,8058,100.3,24488.6,17958.3,2040.7,07.30.00,07.30.00,120.0,63
22.41.00,06.55.00,90,1414,36.8,29657.1,24417.7,2866.9,07.00.00,07.00.00,240.0,93
22.38.00,06.11.00,91,21825,48.6,27153.3,23080.3,2081.8,06.00.00,06.00.00,69.0,82
22.40.00,05.36.00,92,10208,45.4,24998.0,20248.4,4166.3,05.30.00,05.30.00,128.0,76
02.13.00,07.48.00,80,10943,18.9,20122.2,19719.8,402.4,08.00.00,08.00.00,540.0,66
21.41.00,06.01.00,65,5903,142.2,30033.2,20022.1,2202.4,06.00.00,06.00.00,538.0,67
23.44.00,07.19.00,57,4477,90.4,27328.2,20587.2,2459.5,07.00.00,07.00.00,147.0,73
22.55.00,07.00.00,70,2284,149.4,29087.9,21234.1,581.8,07.00.00,07.00.00,420.0,65
22.14.00,05.54.00,83,14117,65.2,27620.6,23385.4,1933.4,06.00.00,06.00.00,120.0,80
22.40.00,06.00.00,90,5895,99.4,26427.1,16384.8,3611.7,06.00.00,06.00.00,420.0,69
21.45.00,06.10.00,91,3275,174.8,30282.4,22207.1,605.6,06.00.00,06.00.00,120.0,63
22.41.00,06.00.00,92,31593,142.2,26366.6,19071.8,1494.1,06.00.00,06.00.00,289.0,62
21.51.00,05.34.00,91,3981,113.1,27812.7,20488.7,2039.6,05.30.00,05.30.00,69.0,71
23.55.00,06.29.00,85,4404,175.6,23643.8,17811.7,472.9,07.00.00,07.00.00,660.0,51
23.58.00,05.22.00,85,0,56.0,19440.5,16394.8,1296.0,07.00.00,07.00.00,0.0,59
00.58.00,05.56.00,84,11959,11.6,17889.9,16876.1,357.8,06.25.00,06.25.00,658.0,60
20.59.00,05.31.00,80,3255,89.3,30675.6,23313.5,1636.0,05.30.00,05.30.00,72.0,85
22.07.00,06.03.00,75,8835,90.2,28553.4,23984.9,571.1,06.00.00,06.00.00,420.0,79
21.53.00,05.32.00,90,6430,139.4,27529.4,17435.3,550.6,05.30.00,05.30.00,167.0,66
22.08.00,05.48.00,95,9420,71.6,27596.0,20881.0,3495.5,05.45.00,05.45.00,240.0,80
23.37.00,07.02.00,89,8921,30.8,26654.1,23455.6,1865.8,07.00.00,07.00.00,808.0,85
22.44.00,06.52.00,88,24648,45.8,29256.4,26428.3,1170.3,06.00.00,06.00.00,240.0,90
21.50.00,06.38.00,86,3652,72.1,31668.5,25334.8,3166.9,05.30.00,05.30.00,480.0,91
22.31.00,05.41.00,89,8859,44.2,25803.9,20987.2,3182.5,05.30.00,05.30.00,120.0,80
22.06.00,05.44.00,91,100,82.0,27497.6,22548.0,550.0,05.30.00,05.30.00,360.0,77
22.22.00,05.32.00,93,1924,97.0,25789.4,19771.9,3008.8,05.30.00,05.30.00,360.0,69
23.09.00,06.12.00,93,7793,45.8,25349.8,20617.8,4140.5,06.00.00,06.00.00,660.0,78
22.00.00,05.32.00,90,11128,105.7,27168.5,19289.6,3441.3,05.30.00,05.30.00,420.0,71
22.37.00,05.32.00,90,1281,3765.1,24873.1,24540.0,150.0,05.30.00,05.30.00,480.0,71
22.12.00,06.18.00,92,11952,3868.6,29119.1,28740.0,150.0,06.00.00,06.00.00,85.9,84
22.27.00,06.00.00,93,2056,1418.5,27198.8,26880.0,150.0,06.00.00,06.00.00,240.0,78
22.13.00,06.30.00,93,8427,1965.3,29823.8,29520.0,150.0,06.30.00,06.30.00,193.3,84
23.32.00,05.31.00,90,9528,2442.5,21518.3,21210.0,150.0,05.30.00,05.30.00,60.0,65
23.23.00,06.23.00,89,23174,3178.8,25169.4,24870.0,150.0,06.30.00,07.00.00,289.0,71
21.10.00,05.14.00,81,7750,3730.3,29072.0,28770.0,150.0,05.00.00,05.30.00,239.6,84
22.01.00,05.21.00,85,10960,3055.8,26372.5,26040.0,150.0,05.30.00,05.30.00,360.0,74
21.51.00,05.29.00,87,9855,1544.2,27484.4,27150.0,180.0,05.30.00,05.30.00,180.0,78
22.21.00,05.35.00,95,7015,2813.0,25999.4,25680.0,150.0,05.30.00,05.30.00,766.1,74
21.57.00,05.31.00,96,10421,3100.6,27215.4,26910.0,150.0,05.30.00,05.30.00,120.0,78
23.36.00,06.56.00,88,10268,43.1,26391.3,21464.9,4046.7,06.30.00,06.30.00,900.0,79
22.42.00,05.30.00,84,8630,46.9,24468.0,20390.0,4078.0,05.30.00,05.30.00,120.0,73
22.25.00,05.25.00,84,16290,138.4,25227.4,18584.2,1850.0,05.30.00,05.30.00,391.8,75
23.25.00,06.45.00,86,1418,56.5,26416.3,21485.3,1673.0,07.00.00,07.00.00,466.4,79
22.55.00,05.30.00,88,9121,33.8,23675.4,20913.3,1341.6,05.30.00,05.30.00,60.0,71
22.03.00,05.34.00,86,11460,48.3,27042.4,22355.0,1442.3,05.30.00,05.30.00,64.5,81
22.27.00,06.30.00,89,6485,72.8,29030.0,22836.9,1451.5,06.30.00,06.30.00,300.0,87
23.06.00,06.38.00,91,9661,25.3,27099.5,24931.6,2168.0,06.30.00,06.30.00,780.0,81
00.10.00,07.04.00,90,38165,148.8,24832.5,18624.4,496.7,07.30.00,07.30.00,660.0,73
23.37.00,06.30.00,91,4974,39.8,24806.5,20920.1,2398.0,06.30.00,06.30.00,0.0,74
22.02.00,05.00.00,84,13972,60.6,25055.3,20294.8,1419.8,05.00.00,05.00.00,840.0,75
21.56.00,04.54.00,88,3094,199.7,25051.1,21042.9,3340.1,05.00.00,05.00.00,60.0,74
21.52.00,05.00.00,90,8646,109.0,25665.1,18650.0,1368.8,05.00.00,05.00.00,371.3,76
21.52.00,06.01.00,96,9275,105.0,29331.6,20923.2,1466.6,06.00.00,06.00.00,420.0,87
01.31.00,07.21.00,83,1900,108.8,21023.3,15627.3,1261.4,06.00.00,06.00.00,604.8,62
22.56.00,06.44.00,74,5545,229.0,28032.0,22892.8,4391.7,06.00.00,06.00.00,75.8,82
22.11.00,04.52.00,76,9072,105.8,24062.6,16603.2,3208.3,05.00.00,05.00.00,675.9,71
21.32.00,05.41.00,83,11771,129.9,29354.9,22114.0,587.1,05.30.00,05.30.00,120.0,87
22.23.00,06.16.00,88,5041,45.6,28418.7,24913.8,1799.9,06.30.00,06.30.00,540.0,85
23.43.00,06.44.00,87,5963,16.7,25260.3,21302.8,2862.8,06.30.00,06.30.00,899.4,76
22.58.00,06.42.00,89,4413,55.1,27835.0,24123.6,1855.7,07.00.00,07.00.00,168.0,83
00.08.00,07.38.00,87,5872,31.5,27004.5,24304.1,2700.5,07.00.00,07.00.00,738.3,81
21.43.00,05.02.00,78,2806,53.5,26339.3,22651.8,1931.5,05.00.00,05.00.00,105.0,79
21.57.00,04.42.00,79,7483,17.6,24321.5,20511.1,3810.4,05.00.00,05.00.00,120.0,73
22.18.00,06.10.00,80,7843,51.6,28305.9,24626.1,1981.4,05.00.00,05.00.00,359.5,84
21.55.00,05.14.00,90,726,63.7,26351.9,22399.1,1756.8,05.00.00,05.00.00,638.2,78
22.21.00,05.35.00,89,10694,83.6,26048.4,22054.3,521.0,05.30.00,05.30.00,328.5,77
00.03.00,07.26.00,84,5837,57.9,26619.0,22892.3,1863.3,07.30.00,07.30.00,247.6,79
23.31.00,05.22.00,78,6155,5811.2,21095.8,16314.1,421.9,05.00.00,05.00.00,360.0,65
22.05.00,05.06.00,86,4833,4300.0,25233.5,20355.0,504.7,05.00.00,05.00.00,584.5,74
22.13.00,05.01.00,92,4414,3492.5,24453.5,19807.3,489.1,05.00.00,05.00.00,0.0,71
23.10.00,07.05.00,86,7979,3539.7,28472.4,22967.7,569.4,07.00.00,07.00.00,713.1,79
00.58.00,06.11.00,83,20821,5185.8,18775.2,18399.7,375.5,07.00.00,07.00.00,0.0,59
21.25.00,04.24.00,67,11364,2634.7,25126.1,21440.9,502.5,05.00.00,05.00.00,120.0,71
21.52.00,05.49.00,70,5730,2594.2,28634.3,28061.6,572.7,05.00.00,05.00.00,0.0,79
22.01.00,05.11.00,89,3456,2736.5,25827.2,25310.7,516.5,05.30.00,05.30.00,81.0,74
22.35.00,06.34.00,87,2596,2854.8,28734.3,25573.6,574.7,06.30.00,06.30.00,349.4,79
22.14.00,05.35.00,89,6033,2735.8,26421.6,23691.4,528.4,05.30.00,05.30.00,60.0,74
22.20.00,06.02.00,92,16816,4390.7,27714.0,25404.5,554.3,06.00.00,06.00.00,88.2,79
22.44.00,04.59.00,92,14740,1349.5,22516.4,17187.5,450.3,05.00.00,05.00.00,986.9,69
22.45.00,05.10.00,93,6556,1033.5,23100.4,20174.4,462.0,05.00.00,05.00.00,0.0,69
22.35.00,04.37.00,93,4656,1516.9,21702.9,16277.2,434.1,05.00.00,05.00.00,466.5,69
23.42.00,06.15.00,90,6444,1587.5,23564.0,19086.9,471.3,06.30.00,06.30.00,0.0,71
22.22.00,06.01.00,82,10314,1701.5,27529.7,25327.3,550.6,06.00.00,06.00.00,360.0,79
22.41.00,06.02.00,92,10318,1603.0,26481.9,25952.3,529.6,06.00.00,06.00.00,86.9,74
23.29.00,04.54.00,91,8390,17926.7,19492.0,16503.2,389.8,06.00.00,06.00.00,321.6,59
23.10.00,06.43.00,0,2580,1852.3,27188.8,24651.2,543.8,06.00.00,06.00.00,129.5,79
23.29.00,06.52.00,96,4367,1527.1,26588.0,23840.6,531.8,07.00.00,07.00.00,173.0,74
21.56.00,05.23.00,85,3175,5268.2,26793.6,24739.4,535.9,05.00.00,05.00.00,0.0,74
22.52.00,05.01.00,87,4818,4381.3,22158.7,18687.2,443.2,05.00.00,05.00.00,0.0,69
22.18.00,06.06.00,83,0,2478.8,28078.6,23866.8,561.6,05.55.00,05.55.00,0.0,79
22.39.00,05.41.00,90,8653,80.4,25289.1,19978.4,1854.5,05.30.00,05.30.00,0.0,76
23.19.00,05.35.00,0,10694,83.6,22591.8,17998.2,1430.8,06.00.00,06.00.00,167.7,68
21.26.00,05.02.00,80,7978,136.8,27321.4,19580.3,4098.2,05.00.00,05.00.00,321.4,82
21.53.00,05.01.00,88,7357,11.4,25695.1,22012.1,2226.9,05.00.00,05.00.00,243.5,77
22.21.00,06.15.00,87,3938,109.6,28439.8,23036.2,568.8,06.30.00,06.30.00,205.9,85
22.11.00,06.00.00,93,5028,49.0,28154.7,23931.5,1407.7,06.00.00,06.00.00,4477.3,85
21.05.00,03.04.00,83,11232,34.6,21561.4,19405.3,1437.4,03.00.00,03.00.00,0.0,65
22.43.00,06.13.00,74,8018,68.4,26980.8,23203.5,539.6,06.00.00,06.00.00,240.0,81
21.30.00,05.13.00,71,1411,35.0,27760.6,24244.3,1758.2,05.00.00,05.00.00,120.0,83
21.09.00,05.07.00,89,3657,7.1,28650.8,26167.8,2483.1,05.00.00,05.00.00,76.0,86
22.23.00,05.03.00,93,3526,12.1,24002.6,19522.1,3280.3,05.00.00,05.00.00,0.0,72
22.41.00,06.51.00,86,14955,57.6,29380.9,24288.2,1567.0,05.00.00,05.00.00,0.0,88
22.24.00,07.28.00,93,2877,26.6,32611.5,29241.7,1304.5,05.00.00,05.00.00,62.2,97
22.20.00,05.29.00,88,3930,8.3,25739.2,21706.8,2573.9,05.30.00,05.30.00,181.6,77
21.21.00,05.02.00,85,2673,75.6,27668.5,24071.6,553.4,05.00.00,05.00.00,1127.3,83
22.10.00,04.43.00,87,8152,50.1,23587.5,19970.8,1258.0,04.45.00,04.45.00,120.0,71
22.32.00,05.45.00,89,2299,7.5,25988.0,23302.6,2685.4,05.45.00,05.45.00,168.8,78
22.22.00,05.47.00,92,1016,48.6,26698.4,22693.7,2046.9,05.45.00,05.45.00,180.0,80
21.58.00,06.02.00,94,1583,15.1,29001.1,26777.7,580.0,06.00.00,06.00.00,120.0,87
22.08.00,05.01.00,94,3763,35.6,24771.6,20643.0,4128.6,05.00.00,05.00.00,534.7,74
21.53.00,06.07.00,91,2547,63.4,29661.7,24322.6,2768.4,06.00.00,06.00.00,82.8,89
21.19.00,04.55.00,88,2003,30.5,27364.8,23260.1,4104.7,04.55.00,04.55.00,0.0,82
21.15.00,04.58.00,92,2867,43.7,27774.2,23700.6,4073.5,04.55.00,04.55.00,465.1,83
21.27.00,06.07.00,94,2772,14.4,31225.7,27166.4,4059.3,06.00.00,06.00.00,180.0,94
21.47.00,05.55.00,92,1973,13.2,29301.4,25589.9,3711.5,06.45.00,06.45.00,224.1,88
21.38.00,06.10.00,94,852,12.5,30732.5,27556.8,3175.7,06.00.00,06.00.00,402.7,92
21.31.00,05.00.00,94,939,21.9,26940.4,23348.3,3592.0,05.00.00,05.00.00,152.5,81
21.53.00,05.00.00,93,2435,27.6,25612.0,19892.0,3414.9,05.00.00,05.00.00,75.0,77
22.51.00,06.09.00,82,10416,44.1,26284.7,20940.1,4205.6,06.15.00,06.15.00,420.0,79
00.20.00,06.07.00,85,1416,127.2,20845.1,14174.7,3543.7,06.15.00,06.15.00,0.0,62
22.58.00,05.03.00,84,2096,34.2,21860.8,17998.7,3862.1,05.00.00,05.00.00,80.0,65
22.06.00,05.00.00,87,759,40.8,24813.7,19189.2,1323.4,05.00.00,05.00.00,530.0,74
21.45.00,06.09.00,87,1780,52.8,30193.3,27475.9,603.9,06.00.00,06.00.00,300.0,90
22.09.00,06.38.00,91,2385,63.0,30556.0,24037.4,3361.2,07.00.00,07.00.00,61.9,91
23.10.00,07.00.00,90,5720,54.5,28209.0,22191.1,1692.5,07.00.00,07.00.00,3322.8,83
22.46.00,06.34.00,91,8642,41.6,28084.1,24058.7,1497.8,07.00.00,07.00.00,724.3,86
22.22.00,06.20.00,92,4262,64.8,28730.8,23080.4,1819.6,07.00.00,07.00.00,120.0,83
22.18.00,05.54.00,95,5694,61.8,27347.5,19963.6,2187.8,06.30.00,06.30.00,0.0,79
21.37.00,05.52.00,95,4655,185.3,29708.3,22380.3,2178.6,06.30.00,06.30.00,0.0,60
21.31.00,06.30.00,95,3637,194.2,32344.4,24797.4,2371.9,06.30.00,06.30.00,180.0,64
22.07.00,06.24.00,94,6765,83.3,29811.9,22259.5,2484.3,06.30.00,06.30.00,527.2,82
22.49.00,05.58.00,93,4188,206.3,25738.3,21791.7,3346.0,06.30.00,06.30.00,471.4,49
22.21.00,06.15.00,93,2962,99.4,28442.8,22280.2,568.9,06.30.00,06.30.00,180.0,75
00.32.00,06.44.00,87,4091,34.3,22292.9,21847.1,445.9,06.30.00,06.30.00,147.4,69
22.13.00,06.29.00,78,4072,10.2,29714.9,29120.6,594.3,06.30.00,06.30.00,540.0,97
21.45.00,06.21.00,87,3768,11.4,30953.2,26826.1,619.1,06.30.00,06.30.00,219.1,100
23.16.00,06.11.00,90,990,41.4,24911.3,20427.3,4484.0,06.30.00,06.30.00,60.0,76
22.28.00,05.35.00,90,3191,33.8,25591.6,20985.1,4094.7,05.30.00,05.30.00,600.0,80
22.47.00,05.30.00,93,660,32.6,24197.9,20164.9,4033.0,05.30.00,05.30.00,499.3,75
22.01.00,04.52.00,93,20016,29.7,24686.7,20654.5,4032.2,04.50.00,04.50.00,175.8,77
21.21.00,06.32.00,84,1872,23.8,33084.0,26357.0,4080.4,06.30.00,06.30.00,1043.7,100
21.59.00,05.01.00,84,1053,28.3,25315.7,21265.2,4050.5,05.00.00,05.00.00,844.8,80
22.16.00,04.51.00,89,3910,28.4,23701.2,19672.0,4029.2,04.50.00,04.50.00,86.3,74
21.04.00,05.35.00,90,3021,43.3,30648.4,26561.9,4086.4,05.30.00,05.30.00,1400.2,93
22.25.00,07.30.00,78,1907,44.5,32698.7,28447.8,4250.8,05.30.00,05.30.00,492.2,98
21.57.00,04.46.00,77,1279,31.1,24555.5,19726.2,4010.7,04.45.00,04.45.00,64.8,77
22.36.00,06.08.00,76,2497,90.1,27105.1,20328.8,3704.4,06.00.00,06.00.00,2453.3,73
21.36.00,04.46.00,79,2309,37.8,25822.0,20055.1,3701.1,04.45.00,04.45.00,319.2,79
22.03.00,05.50.00,84,1046,25.5,28033.4,23734.9,3644.3,05.45.00,05.45.00,420.0,88
22.07.00,04.45.00,86,1374,22.2,23887.8,18314.0,1911.0,04.45.00,04.45.00,1965.6,76
22.46.00,06.30.00,86,3611,34.7,27869.1,22945.6,4087.5,06.20.00,06.20.00,1527.6,86
23.08.00,05.01.00,85,24273,25.6,21182.0,17651.7,2824.3,05.00.00,05.00.00,286.7,67
22.16.00,04.56.00,86,502,13.7,23974.8,20138.8,2877.0,04.45.00,04.45.00,147.7,78
21.30.00,06.19.00,86,1275,20.2,31740.2,28248.8,2856.6,06.30.00,06.30.00,420.7,100
21.17.00,04.46.00,86,384,25.4,26897.7,21697.5,2869.1,04.45.00,04.45.00,99.1,85
21.38.00,04.46.00,91,3863,34.5,25700.0,22530.3,3169.7,04.45.00,04.45.00,414.0,79
22.54.00,06.01.00,88,1264,27.5,25667.1,22415.9,3251.2,06.00.00,06.00.00,512.8,80
22.02.00,04.47.00,81,5463,24.7,24285.3,20237.8,3076.1,04.45.00,04.45.00,208.0,76
22.10.00,06.41.00,83,489,34.0,30635.3,26142.1,3267.8,06.30.00,06.30.00,185.6,94
21.27.00,04.47.00,81,607,80.7,26418.7,20342.4,1761.2,04.45.00,04.45.00,360.0,72
22.09.00,04.46.00,86,1242,26.8,23813.0,21034.8,2778.2,04.45.00,04.45.00,338.2,75
22.20.00,06.02.00,88,6020,51.6,27777.4,25277.4,555.5,06.00.00,06.00.00,420.0,82
22.58.00,06.53.00,88,7493,45.3,28470.0,25243.4,1518.4,06.30.00,06.30.00,120.0,85
22.00.00,04.46.00,81,126,58.3,24312.4,21151.8,1377.7,04.45.00,04.45.00,114.9,70
21.47.00,06.02.00,81,1711,49.1,29685.3,25430.4,2176.9,05.45.00,05.45.00,480.0,88
22.24.00,04.45.00,82,979,6.8,22879.7,15558.2,3660.7,04.45.00,04.45.00,180.0,75
22.22.00,04.46.00,100,3526,116.0,23018.1,17340.3,460.4,04.45.00,04.45.00,480.0,57
23.03.00,06.02.00,84,2712,19.5,25148.3,21627.5,2766.3,06.00.00,06.00.00,203.2,80
22.20.00,04.43.00,83,603,83.8,22947.5,17210.6,1223.9,04.45.00,04.45.00,284.6,62
22.20.00,04.47.00,91,1067,24.3,23253.4,19455.4,3100.5,04.45.00,04.45.00,1404.2,73
21.42.00,06.43.00,89,3359,18.2,32431.6,26810.1,2162.1,06.30.00,06.30.00,90.0,100
21.36.00,04.47.00,81,8383,24.5,25846.8,22745.2,3101.6,04.45.00,04.45.00,78.8,81
21.03.00,06.33.00,82,574,48.4,34173.7,30642.4,683.5,06.00.00,06.00.00,321.1,96
22.10.00,04.46.00,78,2777,29.8,23761.5,17583.5,3485.0,04.45.00,04.45.00,600.0,74
22.16.00,06.22.00,81,1745,35.7,29129.9,26119.8,1262.3,05.45.00,05.45.00,300.0,89
00.29.00,08.05.00,77,2804,53.9,27319.8,22038.0,2732.0,05.45.00,05.45.00,174.7,80
23.00.00,07.32.00,75,8460,46.5,30667.8,26476.6,2146.7,07.00.00,07.00.00,128.9,91
22.30.00,05.30.00,76,2165,91.0,25240.6,18593.9,2103.4,05.30.00,05.30.00,122.9,67
23.07.00,04.46.00,84,1236,18.9,20357.0,17507.0,2442.8,04.45.00,04.45.00,360.0,65
21.44.00,04.45.00,85,1547,52.6,25270.3,20721.7,4548.7,04.45.00,04.45.00,268.0,74
22.20.00,06.17.00,85,1793,33.4,28617.3,24133.9,4483.4,06.05.00,06.05.00,145.8,88
21.31.00,10.29.00,70,2016,6.0,46703.4,45769.4,934.1,06.05.00,06.05.00,1860.9,100
21.39.00,05.27.00,62,15754,44.7,31648.5,27428.7,4219.8,05.55.00,05.55.00,478.4,94
21.51.00,05.53.00,70,13958,77.6,28935.2,24787.8,4147.4,05.55.00,05.55.00,342.0,79
21.51.00,04.46.00,78,798,92.9,24895.4,18505.6,3402.4,04.45.00,04.45.00,540.0,65
22.02.00,04.46.00,89,727,2.6,24207.5,21544.7,2662.8,04.45.00,04.45.00,300.0,80
21.43.00,06.19.00,91,1863,2.5,30961.2,28277.9,2683.3,05.45.00,05.45.00,840.0,100
22.18.00,06.31.00,89,1297,9.2,29530.1,26281.8,3248.3,06.30.00,06.30.00,716.3,96
22.13.00,06.09.00,95,4696,35.3,28546.5,25977.3,2569.2,05.55.00,05.55.00,249.8,87
21.34.00,04.31.00,89,121,6.7,25029.7,21358.7,2836.7,04.30.00,04.30.00,72.1,82
21.32.00,04.32.00,90,597,8.4,25202.2,21589.9,2772.2,04.30.00,04.30.00,540.0,82
22.03.00,06.10.00,91,2695,17.5,29189.7,25103.2,4086.6,06.00.00,06.00.00,516.4,93
23.48.00,07.40.00,77,5231,21.2,28322.6,24168.6,566.5,06.00.00,06.00.00,215.5,79
22.07.00,07.45.00,79,1060,34.0,34679.0,33985.4,693.6,06.00.00,06.00.00,553.5,86
21.59.00,06.11.00,81,4876,36.4,29478.2,26333.9,589.6,06.00.00,06.00.00,216.1,81
21.25.00,23.29.00,41,0,8.2,7452.5,7303.4,149.0,04.15.00,04.15.00,0.0,25
21.15.00,04.16.00,82,4110,30.6,25291.0,21581.7,505.8,04.15.00,04.15.00,1258.8,74
20.26.00,07.13.00,73,4484,1.8,38815.6,36227.9,776.3,04.15.00,04.15.00,158.7,85
21.59.00,06.12.00,74,4893,32.2,29600.7,27430.0,592.0,05.30.00,05.30.00,1424.1,81
23.23.00,07.50.00,77,12048,17.8,30385.3,26536.5,607.7,07.45.00,07.45.00,515.1,90
21.34.00,05.32.00,70,2044,27.1,28684.8,28111.1,573.7,05.30.00,05.30.00,235.2,80
21.27.00,04.20.00,77,2701,19.6,24817.9,20268.0,496.4,04.20.00,04.20.00,486.5,75
21.02.00,04.21.00,84,2333,19.1,26310.5,25784.3,526.2,04.20.00,04.20.00,322.6,80
22.08.00,06.00.00,87,2240,16.4,28364.5,25433.5,567.3,05.30.00,05.30.00,480.0,88
21.51.00,05.54.00,97,2585,26.2,29000.6,25617.2,580.0,05.30.00,05.30.00,1363.3,80
21.33.00,04.21.00,84,556,22.9,24506.7,20585.6,490.1,04.20.00,04.20.00,61.9,71
21.20.00,04.22.00,91,1933,12.1,25297.0,24791.1,505.9,04.20.00,04.20.00,84.6,82
21.38.00,07.14.00,86,3477,15.8,34580.1,33427.4,1152.7,05.30.00,05.30.00,246.8,100
22.28.00,05.33.00,76,3637,35.0,25500.6,22100.5,510.0,05.30.00,05.30.00,360.0,62
21.47.00,06.00.00,85,2887,18.9,29553.0,24430.5,1182.1,06.30.00,06.30.00,647.4,89
22.05.00,05.42.00,88,14029,24.6,27426.8,24227.0,548.5,05.40.00,05.40.00,0.0,77
21.40.00,04.21.00,90,2863,8.1,24066.5,23585.2,481.3,04.20.00,04.20.00,388.2,81
22.01.00,04.21.00,92,4297,31.2,22804.5,20296.0,456.1,04.20.00,04.20.00,533.9,58
22.53.00,06.44.00,85,2394,41.0,28232.0,25220.6,564.6,05.45.00,05.45.00,1374.4,63
21.05.00,06.00.00,76,5550,77.5,32108.7,28576.8,642.2,06.40.00,06.40.00,1200.0,54
06.03.00,06.51.00,23,0,0.0,2863.0,0.0,0.0,06.40.00,06.40.00,0.0,10
23.28.00,07.19.00,74,14022,70.8,28212.8,26143.9,564.3,06.45.00,06.45.00,1002.5,57
21.41.00,05.41.00,73,2536,47.2,28780.4,28204.8,575.6,05.30.00,05.30.00,65.8,72
21.56.00,04.21.00,76,632,37.5,23078.1,22616.5,461.6,04.20.00,04.20.00,151.4,62
22.25.00,04.41.00,84,3444,60.6,22614.9,17865.7,452.3,04.40.00,04.40.00,550.7,51
22.40.00,07.10.00,77,4206,53.6,30625.3,25317.0,612.5,07.00.00,07.00.00,1724.3,74
21.29.00,06.16.00,83,737,53.6,31615.1,25924.4,632.3,06.00.00,06.00.00,780.8,77
22.00.00,08.21.00,81,8377,62.8,37220.9,32010.0,744.4,06.00.00,06.00.00,853.5,75
22.12.00,07.28.00,85,9273,49.5,33363.9,29693.8,667.3,06.00.00,06.00.00,1422.3,83
23.05.00,07.15.00,91,1519,55.9,29439.8,22766.8,588.8,07.00.00,07.00.00,785.9,73
22.03.00,05.06.00,85,88,32.0,25358.3,24851.1,507.2,05.00.00,05.00.00,443.0,73
21.56.00,07.07.00,82,8538,69.0,33061.7,28763.7,2755.1,05.00.00,05.00.00,349.6,73
22.28.00,06.51.00,83,10258,50.7,30129.0,26513.5,602.6,06.00.00,06.00.00,132.1,78
21.19.00,05.37.00,85,3394,56.5,29899.5,25813.2,598.0,05.30.00,05.30.00,1268.3,75
21.28.00,05.33.00,91,8857,69.5,29108.4,26488.6,582.2,05.00.00,05.00.00,928.1,67
21.38.00,05.31.00,92,5589,43.3,28379.5,27811.9,567.6,05.00.00,05.00.00,611.1,78
22.38.00,05.46.00,94,6962,38.1,25668.4,21219.2,513.4,05.00.00,05.00.00,489.5,73
23.22.00,08.19.00,81,3998,63.3,32236.0,27830.4,4405.6,05.00.00,05.00.00,135.4,78
00.42.00,07.35.00,78,16983,42.4,24749.0,21531.7,495.0,06.30.00,06.30.00,364.6,69
22.26.00,05.42.00,74,1583,33.3,26217.9,19925.6,524.4,06.30.00,06.30.00,660.0,77
22.13.00,06.10.00,81,8373,38.3,28632.8,28060.2,572.7,05.30.00,05.30.00,486.5,81
21.55.00,05.44.00,85,4320,36.9,28129.0,22690.7,562.6,05.30.00,05.30.00,908.8,81
23.04.00,06.10.00,90,0,45.4,25547.8,21800.8,511.0,05.30.00,05.30.00,0.0,69
22.26.00,06.40.00,91,8414,40.0,29612.6,24578.5,592.3,06.30.00,06.30.00,828.2,83
23.15.00,05.03.00,85,2992,36.2,20846.9,18275.7,416.9,05.00.00,05.00.00,187.0,60
05.03.00,06.35.00,0,2992,0.0,5510.8,0.0,0.0,06.30.00,06.30.00,300.0,20
22.07.00,05.01.00,85,2660,33.1,24855.0,22452.3,497.1,04.20.00,04.20.00,221.5,73
22.14.00,05.41.00,88,4019,26.7,26859.7,21666.8,537.2,05.00.00,05.00.00,1471.3,82
21.21.00,04.22.00,88,3461,26.4,25228.6,20603.3,504.6,04.20.00,04.20.00,240.0,77
23.00.00,08.20.00,67,4168,30.7,33582.6,29888.5,671.7,04.20.00,04.20.00,1218.8,96
23.25.00,06.15.00,66,11558,42.4,24580.6,19254.8,491.6,06.05.00,06.05.00,407.5,68
22.36.00,05.01.00,72,11528,42.7,23065.2,20758.7,461.3,05.00.00,05.00.00,360.0,63
21.59.00,05.01.00,86,4173,43.9,25318.7,20508.1,506.4,05.00.00,05.00.00,660.0,69
21.42.00,04.21.00,90,4103,48.0,23941.3,19472.2,478.8,04.20.00,04.20.00,268.9,63
21.32.00,04.21.00,95,9818,21.9,24551.6,22014.6,491.0,04.20.00,04.20.00,240.0,78
22.37.00,08.14.00,78,157,28.8,34591.5,28480.4,3343.8,04.20.00,04.20.00,1861.9,98
23.33.00,07.43.00,73,8498,30.5,29418.3,27359.0,588.4,06.30.00,06.30.00,420.0,88
22.45.00,06.06.00,75,2680,28.9,26484.1,21717.0,529.7,05.30.00,05.30.00,89.6,80
22.22.00,06.05.00,88,5663,27.0,27757.8,24982.0,555.2,05.30.00,05.30.00,702.1,85
21.57.00,04.22.00,86,1203,29.3,23095.4,19246.2,461.9,04.20.00,04.20.00,660.0,69
22.12.00,04.20.00,90,2541,39.0,22114.4,17396.7,442.3,04.20.00,04.20.00,200.7,67
22.00.00,06.46.00,78,668,34.0,31606.6,23915.7,632.1,06.40.00,06.40.00,654.3,90
22.49.00,05.01.00,78,7039,47.3,22354.3,18554.0,447.1,05.00.00,05.00.00,540.0,63
21.47.00,04.33.00,83,3607,47.0,24363.5,20546.6,487.3,04.30.00,04.30.00,221.1,68
21.19.00,04.16.00,87,3454,44.8,25064.8,22474.8,501.3,04.15.00,04.15.00,243.4,70
00.50.00,05.40.00,76,3012,32.0,17424.7,15217.6,348.5,05.40.00,05.40.00,600.0,59
00.04.00,07.04.00,71,2698,42.6,25175.3,22238.2,503.5,05.40.00,05.40.00,244.8,70
22.18.00,04.52.00,75,5274,40.0,23598.8,18721.7,472.0,04.30.00,04.30.00,190.1,69
21.01.00,04.36.00,77,3501,33.7,27277.9,21276.8,545.6,04.40.00,04.40.00,352.1,88
21.52.00,04.15.00,89,5096,53.2,23005.5,18481.1,460.1,04.15.00,04.15.00,1391.5,52
21.41.00,04.21.00,94,9594,34.1,23997.1,18877.7,479.9,04.15.00,04.15.00,941.5,77
21.42.00,06.40.00,89,1054,44.7,32315.4,29083.9,646.3,06.30.00,06.30.00,1246.6,86
20.08.00,05.35.00,79,12588,56.7,34046.3,28598.9,3972.1,05.15.00,05.15.00,2539.9,71
23.14.00,06.20.00,75,11844,37.3,25576.9,20376.3,511.5,06.30.00,06.30.00,775.6,79
21.24.00,04.22.00,71,3226,44.4,25104.7,24602.6,502.1,04.20.00,04.20.00,850.4,69
21.40.00,04.31.00,82,277,31.3,24661.6,21455.6,493.2,04.20.00,04.20.00,420.0,82
21.51.00,04.22.00,97,5796,42.2,23487.8,19808.0,469.8,04.20.00,04.20.00,684.3,66
23.27.00,07.04.00,81,6507,34.3,27411.0,24487.2,548.2,07.00.00,07.00.00,660.0,87
22.05.00,04.20.00,65,574,44.7,22493.7,20019.4,449.9,04.20.00,04.20.00,72.3,60
21.57.00,04.22.00,82,4719,55.3,23112.9,20570.4,462.3,04.20.00,04.20.00,480.0,52
22.00.00,04.22.00,99,1957,49.7,22918.4,19327.9,1680.7,04.20.00,04.20.00,76.3,58
21.59.00,04.20.00,100,3065,36.2,22911.2,19398.1,458.2,04.20.00,04.20.00,236.9,72
22.12.00,04.56.00,93,8364,52.6,24265.7,20464.1,485.3,04.45.00,04.45.00,720.0,58
21.43.00,04.21.00,91,1919,41.5,23867.3,20685.0,477.3,04.20.00,04.20.00,2101.2,69
21.06.00,04.21.00,93,4976,39.7,26113.2,22109.2,522.3,04.20.00,04.20.00,531.4,78
21.12.00,05.40.00,91,3925,47.1,30504.0,25725.1,610.1,05.45.00,05.45.00,557.6,81
22.33.00,04.21.00,0,1232,27.6,20858.1,16060.7,417.2,04.20.00,04.20.00,480.0,73
21.59.00,04.30.00,94,2339,28.0,23503.9,18254.7,470.1,04.20.00,04.20.00,412.8,81
21.39.00,04.40.00,95,2045,39.7,25269.4,21815.9,505.4,04.20.00,04.20.00,537.4,74
23.41.00,07.03.00,80,1985,34.6,26505.3,23413.0,530.1,07.00.00,07.00.00,480.0,83
22.01.00,04.21.00,63,741,31.6,22770.5,20189.9,455.4,04.20.00,04.20.00,300.0,74
21.23.00,04.21.00,79,4675,30.9,25122.6,21689.2,502.5,04.20.00,04.20.00,417.0,82
22.30.00,06.03.00,86,2521,45.1,27162.0,25079.6,543.2,04.45.00,04.45.00,1080.0,72
21.33.00,04.21.00,77,3903,39.7,24474.1,20803.0,489.5,04.20.00,04.20.00,695.7,71
16.48.00,17.30.00,14,495,0.0,2536.2,0.0,0.0,17.30.00,17.30.00,0.0,9
21.14.00,06.11.00,-1,13388,82.7,32198.1,24577.9,3649.1,06.00.00,06.00.00,506.4,49
22.53.00,04.50.00,22,456,17.3,21433.6,15860.8,428.7,04.20.00,04.20.00,60.0,77
22.44.00,05.11.00,85,5156,38.2,23225.9,18813.0,464.5,05.00.00,05.00.00,720.0,68
